Pos,ID,Name,BV,SV,Team,11_xMins,11_Pts,12_xMins,12_Pts,13_xMins,13_Pts,14_xMins,14_Pts,15_xMins,15_Pts,16_xMins,16_Pts,17_xMins,17_Pts,18_xMins,18_Pts,Elite%
F,1,Balogun,4.4,4.4,Arsenal,0,0.00,0,0.00,0,0.00,0,0.00,0,0.00,0,0.00,0,0.00,0,0.00,0.00
D,2,Cédric,3.9,3.9,Arsenal,1,0.04,3,0.12,2,0.09,2,0.10,3,0.12,2,0.09,4,0.16,3,0.10,0.00
M,3,M.Elneny,4.4,4.4,Arsenal,6,0.20,5,0.20,3,0.10,2,0.09,3,0.10,3,0.11,3,0.12,3,0.11,0.00
M,4,Fábio Vieira,5.4,5.4,Arsenal,10,0.56,13,0.82,11,0.62,11,0.68,12,0.71,12,0.64,13,0.79,14,0.72,0.00
D,5,Gabriel,4.8,4.8,Arsenal,85,2.82,81,4.15,77,3.06,78,3.96,76,3.77,75,2.54,73,2.85,74,1.98,0.62
M,6,Havertz,7.1,7.1,Arsenal,36,1.89,36,2.60,26,1.54,27,1.92,29,1.97,28,1.60,30,2.05,31,1.57,0.00
D,7,Holding,4.4,4.4,Crystal Palace,2,0.08,4,0.17,6,0.23,8,0.25,9,0.34,9,0.24,10,0.19,11,0.32,0.00
F,8,G.Jesus,7.9,7.9,Arsenal,0,0.00,13,0.89,69,3.39,75,4.52,76,4.43,74,3.51,72,4.20,72,3.02,0.00
M,9,Jorginho,5.3,5.3,Arsenal,51,1.66,50,2.00,35,1.31,32,1.35,34,1.39,35,1.25,35,1.34,35,1.20,0.00
D,10,Kiwior,4.3,4.3,Arsenal,11,0.34,17,0.79,20,0.79,20,0.98,22,1.09,23,0.80,26,1.06,26,0.77,0.00
M,11,Marquinhos,4.5,4.5,Arsenal,0,0.00,0,0.00,0,0.00,0,0.00,0,0.00,0,0.00,0,0.00,0,0.00,0.00
M,12,Martinelli,7.7,7.7,Arsenal,82,3.94,77,5.43,72,3.92,69,4.55,68,4.37,68,3.55,66,4.14,67,3.09,0.03
F,13,Nketiah,5.5,5.5,Arsenal,66,3.17,56,3.82,28,1.62,25,1.76,23,1.61,24,1.42,24,1.67,27,1.39,0.01
M,14,Ødegaard,8.5,8.5,Arsenal,86,4.08,83,5.76,81,4.29,80,5.29,79,5.03,78,3.92,77,4.77,78,3.46,0.04
M,15,Thomas,4.8,4.8,Arsenal,0,0.00,10,0.44,47,1.58,55,2.10,53,2.01,56,1.78,54,1.91,54,1.60,0.00
M,16,Pepe,4.9,4.9,Arsenal,0,0.00,0,0.00,0,0.00,0,0.00,0,0.00,0,0.00,0,0.00,0,0.00,0.00
G,17,Ramsdale,4.8,4.8,Arsenal,10,0.37,13,0.61,92,3.78,18,0.81,17,0.78,17,0.64,17,0.66,19,0.66,0.00
G,18,Rúnarsson,4.0,4.0,Arsenal,0,0.00,0,0.00,0,0.00,0,0.00,0,0.00,0,0.00,0,0.00,0,0.00,0.00
M,19,Saka,8.6,8.6,Arsenal,89,4.30,86,6.13,82,4.39,80,5.42,78,5.14,78,3.98,78,4.95,75,3.38,0.76
D,20,Saliba,5.2,5.2,Arsenal,90,2.81,86,4.10,84,3.12,81,3.84,82,3.82,80,2.48,79,2.81,79,1.97,0.07
M,21,Sambi,4.9,4.9,Luton,0,0.00,0,0.00,11,0.40,32,0.97,0,0.00,52,1.43,59,1.76,56,1.65,0.00
M,22,Smith Rowe,5.3,5.3,Arsenal,17,0.94,17,1.23,14,0.83,14,0.97,17,1.12,15,0.90,17,1.11,17,0.90,0.00
D,23,Tavares,4.0,4.0,Nott'm Forest,0,0.00,35,1.19,28,1.01,27,1.24,27,1.02,30,1.16,27,0.93,26,1.20,0.00
D,24,Tierney,4.4,4.4,Arsenal,0,0.00,0,0.00,0,0.00,0,0.00,0,0.00,0,0.00,0,0.00,0,0.00,0.00
D,25,Tomiyasu,4.5,4.5,Arsenal,40,1.50,46,2.50,49,2.10,48,2.56,49,2.59,50,1.85,49,2.09,49,1.47,0.00
M,26,Trossard,6.5,6.5,Arsenal,31,1.73,33,2.44,25,1.54,26,1.93,28,1.99,28,1.66,30,2.02,29,1.50,0.00
D,27,Trusty,3.9,3.9,Sheffield Utd,91,2.76,87,1.21,81,2.48,80,1.94,79,1.15,78,2.07,77,1.15,76,1.08,0.00
G,28,Turner,4.1,4.0,Nott'm Forest,62,2.20,61,2.14,60,2.12,59,2.35,61,2.24,59,2.18,58,2.04,56,2.22,0.67
D,29,White,5.7,5.7,Arsenal,86,2.89,81,4.19,77,3.08,75,3.84,74,3.70,74,2.52,73,2.90,75,2.03,0.01
M,30,Xhaka,6.0,6.0,Arsenal,0,0.00,0,0.00,0,0.00,0,0.00,0,0.00,0,0.00,0,0.00,0,0.00,0.00
D,31,Zinchenko,4.9,4.9,Arsenal,67,2.72,66,3.99,62,2.94,61,3.67,61,3.57,59,2.43,59,2.81,59,1.97,0.06
D,32,Alex Moreno,5.0,5.0,Aston Villa,0,0.00,0,0.00,0,0.00,0,0.00,0,0.00,0,0.00,0,0.00,0,0.00,0.00
F,33,Archer,4.5,4.5,Sheffield Utd,78,3.67,74,2.87,71,3.48,70,3.00,70,2.78,69,3.06,69,2.46,66,2.53,0.68
M,34,Bailey,5.5,5.5,Aston Villa,47,2.74,56,3.53,53,2.62,54,3.13,52,2.35,49,2.52,46,2.52,48,3.68,0.00
M,35,Buendia,5.7,5.7,Aston Villa,0,0.00,0,0.00,0,0.00,0,0.00,0,0.00,0,0.00,0,0.00,0,0.00,0.00
D,36,Cash,5.2,5.1,Aston Villa,84,3.52,81,3.88,76,2.01,77,3.18,77,1.99,75,2.47,72,2.57,73,4.23,0.87
D,37,Chambers,3.9,3.9,Aston Villa,7,0.25,12,0.49,13,0.34,16,0.61,17,0.44,16,0.53,17,0.58,18,0.89,0.00
M,38,Coutinho,5.8,5.8,Aston Villa,0,0.00,0,0.00,0,0.00,0,0.00,0,0.00,0,0.00,0,0.00,0,0.00,0.00
F,39,Davis,4.9,4.9,Aston Villa,0,0.00,0,0.00,0,0.00,0,0.00,0,0.00,0,0.00,0,0.00,0,0.00,0.00
M,40,Dendoncker,4.9,4.9,Aston Villa,18,0.76,24,1.03,26,0.98,27,1.07,27,0.95,26,0.99,23,0.89,23,1.08,0.00
D,41,Diego Carlos,4.4,4.4,Aston Villa,41,1.67,47,2.08,46,1.23,47,1.82,46,1.23,49,1.56,48,1.64,48,2.51,0.00
D,42,Digne,4.7,4.7,Aston Villa,74,3.15,70,3.39,71,1.99,72,2.99,73,1.96,71,2.41,73,2.67,73,4.20,0.02
M,43,Douglas Luiz,5.5,5.5,Aston Villa,67,3.02,68,3.45,70,2.68,69,3.14,72,2.56,69,2.75,71,2.94,71,4.19,0.01
F,44,Duran,5.0,5.0,Aston Villa,11,0.73,16,1.18,16,0.98,18,1.23,18,0.96,18,1.07,15,0.94,17,1.38,0.00
D,45,Hause,4.0,4.0,Aston Villa,0,0.00,1,0.06,2,0.07,2,0.07,3,0.09,3,0.10,3,0.11,3,0.15,0.00
M,46,Iroegbunam,4.4,4.4,Aston Villa,0,0.00,2,0.17,4,0.23,4,0.28,4,0.24,4,0.25,3,0.23,3,0.25,0.00
M,47,Kamara,5.0,5.0,Aston Villa,80,2.28,75,2.28,73,1.88,70,2.03,69,1.77,69,1.87,68,1.89,68,2.28,0.00
D,48,Konsa,4.5,4.5,Aston Villa,80,3.03,78,3.32,78,1.83,77,2.78,74,1.75,74,2.20,75,2.39,74,3.73,0.00
G,49,Martinez,4.9,4.9,Aston Villa,94,3.76,92,3.82,91,3.13,90,3.54,91,3.16,90,3.33,91,3.40,90,4.05,0.00
M,50,McGinn,5.5,5.5,Aston Villa,81,2.84,78,2.99,78,2.43,76,2.71,78,2.28,77,2.45,73,2.43,73,3.24,0.00
D,51,Mings,4.2,4.2,Aston Villa,0,0.00,0,0.00,0,0.00,0,0.00,0,0.00,0,0.00,0,0.00,0,0.00,0.00
M,52,Nakamba,4.4,4.4,Luton,90,1.97,87,1.89,82,2.03,79,1.80,77,1.74,76,1.65,74,1.76,74,1.69,0.02
G,53,Olsen,4.0,4.0,Aston Villa,1,0.04,3,0.14,4,0.14,5,0.18,4,0.15,5,0.19,4,0.16,5,0.22,0.00
M,54,Philogene,4.5,4.5,Aston Villa,0,0.00,0,0.00,0,0.00,0,0.00,0,0.00,0,0.00,0,0.00,0,0.00,0.00
M,55,J.Ramsey,5.9,5.9,Aston Villa,0,0.00,0,0.00,0,0.00,12,0.57,19,0.73,33,1.31,50,2.07,55,3.07,0.00
M,56,Sanson,4.5,4.5,Aston Villa,0,0.00,0,0.00,0,0.00,0,0.00,0,0.00,0,0.00,0,0.00,0,0.00,0.00
G,57,Sinisalo,4.0,4.0,Aston Villa,0,0.00,0,0.00,0,0.00,0,0.00,0,0.00,0,0.00,0,0.00,0,0.00,0.00
M,58,Tielemans,5.7,5.7,Aston Villa,29,1.43,37,1.89,37,1.50,38,1.77,36,1.40,35,1.49,34,1.50,33,1.94,0.00
M,59,Bertrand Traoré,5.0,5.0,Aston Villa,16,1.00,25,1.71,26,1.42,27,1.67,25,1.28,23,1.30,20,1.17,18,1.47,0.00
F,60,Watkins,8.4,8.2,Aston Villa,88,4.92,86,5.36,86,4.17,85,4.83,84,3.59,85,4.17,84,4.38,82,6.20,0.79
F,61,Wesley,5.0,5.0,Aston Villa,0,0.00,0,0.00,0,0.00,0,0.00,0,0.00,0,0.00,0,0.00,0,0.00,0.00
M,62,Anthony,4.9,4.9,Bournemouth,0,0.00,0,0.00,0,0.00,0,0.00,0,0.00,0,0.00,0,0.00,0,0.00,0.00
M,63,Billing,5.2,5.2,Bournemouth,84,2.24,79,2.58,77,2.96,74,2.58,73,2.42,73,2.26,70,3.03,71,2.43,0.00
M,64,Brooks,4.9,4.9,Bournemouth,24,1.04,26,1.29,26,1.50,28,1.45,26,1.27,27,1.25,27,1.73,29,1.41,0.00
M,65,Christie,5.0,5.0,Bournemouth,72,2.23,67,2.53,65,2.95,65,2.63,61,2.38,61,2.21,63,3.16,61,2.43,0.00
M,66,L.Cook,5.0,5.0,Bournemouth,0,0.00,69,2.03,66,2.21,64,1.97,66,2.00,65,1.84,62,2.25,61,1.90,0.00
M,67,Siriki,4.5,4.5,Bournemouth,0,0.00,0,0.00,0,0.00,0,0.00,0,0.00,0,0.00,0,0.00,0,0.00,0.00
D,68,Fredericks,4.4,4.4,Bournemouth,12,0.25,12,0.36,12,0.48,11,0.37,14,0.47,13,0.37,16,0.69,17,0.59,0.00
D,69,Hill,4.0,4.0,Bournemouth,0,0.00,0,0.00,0,0.00,0,0.00,0,0.00,0,0.00,0,0.00,0,0.00,0.00
D,70,Kelly,4.5,4.5,Bournemouth,87,0.93,84,1.82,82,2.87,80,2.01,80,2.33,79,1.48,77,3.15,77,2.26,0.00
M,71,Kilkenny,4.4,4.4,Bournemouth,12,0.43,2,0.11,3,0.17,3,0.16,4,0.17,5,0.21,6,0.27,6,0.25,0.00
M,72,Kluivert,4.7,4.7,Bournemouth,31,1.26,31,1.52,32,1.88,32,1.68,33,1.60,35,1.57,34,2.17,35,1.71,0.00
M,73,Lowe,4.9,4.9,Bournemouth,0,0.00,0,0.00,0,0.00,0,0.00,0,0.00,0,0.00,0,0.00,0,0.00,0.00
M,74,Marcondes,4.4,4.4,Bournemouth,0,0.00,0,0.00,0,0.00,0,0.00,0,0.00,0,0.00,0,0.00,0,0.00,0.00
D,75,Mepham,4.3,4.3,Bournemouth,8,0.13,10,0.24,15,0.52,17,0.45,17,0.49,19,0.39,17,0.69,17,0.51,0.00
F,76,Moore,4.7,4.7,Bournemouth,1,0.08,3,0.19,3,0.25,5,0.30,4,0.27,6,0.36,6,0.42,7,0.40,0.00
G,77,Neto,4.5,4.5,Bournemouth,0,0.00,0,0.00,62,2.44,92,3.20,90,3.28,90,2.93,88,3.65,87,3.12,0.00
M,78,O.Dango,4.8,4.8,Bournemouth,22,0.97,24,1.21,24,1.41,25,1.32,26,1.29,25,1.19,28,1.73,26,1.31,0.00
M,79,Pearson,4.5,4.5,Bournemouth,0,0.00,0,0.00,0,0.00,0,0.00,0,0.00,0,0.00,0,0.00,0,0.00,0.00
G,80,Randolph,4.0,4.0,Bournemouth,0,0.00,2,0.08,2,0.08,0,0.00,0,0.00,0,0.00,0,0.00,0,0.00,0.00
M,81,Rothwell,4.8,4.8,Bournemouth,68,1.99,25,1.04,27,1.23,29,1.21,29,1.18,29,1.13,30,1.44,31,1.26,0.00
F,82,Semenyo,4.5,4.5,Bournemouth,13,0.58,13,0.68,16,1.03,16,0.94,19,1.00,19,0.96,20,1.35,20,1.08,0.00
D,83,Senesi,4.4,4.4,Bournemouth,27,0.42,30,0.79,33,1.30,35,1.01,38,1.23,37,0.82,39,1.73,41,1.30,0.00
D,84,Smith,4.4,4.4,Bournemouth,24,0.43,24,0.67,26,0.99,28,0.85,28,0.92,30,0.72,33,1.46,30,0.99,0.00
F,85,Solanke,6.4,6.4,Bournemouth,87,2.88,84,3.66,82,4.42,81,3.88,79,3.38,78,3.09,78,4.77,76,3.43,0.06
M,86,Tavernier,5.4,5.4,Bournemouth,63,2.15,60,2.50,58,2.95,57,2.58,58,2.43,56,2.19,56,3.14,56,2.44,0.00
M,87,Hamed Traorè,4.8,4.8,Bournemouth,9,0.47,10,0.54,11,0.63,12,0.63,13,0.65,13,0.63,13,0.85,15,0.78,0.00
G,88,Travers,4.0,4.0,Bournemouth,0,0.00,0,0.00,0,0.00,0,0.00,0,0.00,0,0.00,0,0.00,0,0.00,0.00
D,89,Zabarnyi,4.5,4.5,Bournemouth,89,0.90,85,1.77,82,2.78,79,1.93,79,2.22,77,1.37,77,3.08,77,2.18,0.00
D,90,Ajer,4.5,4.5,Brentford,50,1.84,52,1.06,51,1.50,50,2.47,51,1.20,49,2.09,48,1.56,0,0.00,0.00
G,91,Balcombe,4.0,4.0,Brentford,0,0.00,0,0.00,0,0.00,0,0.00,0,0.00,0,0.00,0,0.00,0,0.00,0.00
M,92,Baptiste,4.3,4.3,Brentford,0,0.00,0,0.00,0,0.00,9,0.41,12,0.47,17,0.73,25,1.02,0,0.00,0.00
D,93,Bech,4.0,4.0,Brentford,0,0.00,0,0.00,0,0.00,0,0.00,0,0.00,0,0.00,0,0.00,0,0.00,0.00
M,94,Bidstrup,4.5,4.5,Brentford,0,0.00,0,0.00,0,0.00,0,0.00,0,0.00,0,0.00,0,0.00,0,0.00,0.00
M,95,Canós,5.0,5.0,Brentford,0,0.00,0,0.00,0,0.00,0,0.00,0,0.00,0,0.00,0,0.00,0,0.00,0.00
D,96,Collins,4.5,4.5,Brentford,63,2.18,54,1.00,55,1.53,56,2.65,56,1.21,58,2.37,54,1.66,0,0.00,0.00
G,97,Cox,4.0,4.0,Brentford,0,0.00,0,0.00,0,0.00,0,0.00,0,0.00,0,0.00,0,0.00,0,0.00,0.00
M,98,Damsgaard,4.9,4.9,Brentford,0,0.00,0,0.00,10,0.43,30,1.68,38,1.58,50,2.45,54,2.42,0,0.00,0.00
M,99,Dasilva,4.7,4.7,Brentford,0,0.00,0,0.00,0,0.00,10,0.54,16,0.68,22,1.05,34,1.50,0,0.00,0.00
F,100,Dervişoğlu,4.5,4.5,Brentford,0,0.00,0,0.00,0,0.00,0,0.00,0,0.00,0,0.00,0,0.00,0,0.00,0.00
G,101,Flekken,4.5,4.5,Brentford,94,3.68,94,3.14,93,3.38,92,4.08,91,3.11,90,3.74,90,3.34,0,0.00,0.09
D,102,Goode,3.9,3.9,Brentford,0,0.00,1,0.03,2,0.06,3,0.10,3,0.08,4,0.12,3,0.09,0,0.00,0.00
D,103,Henry,4.4,4.4,Brentford,0,0.00,0,0.00,0,0.00,0,0.00,0,0.00,0,0.00,0,0.00,0,0.00,0.00
D,104,Hickey,4.5,4.5,Brentford,86,3.00,84,1.59,81,2.31,80,3.85,80,1.77,78,3.25,79,2.47,0,0.00,0.00
M,105,Janelt,5.4,5.4,Brentford,76,2.51,71,2.02,70,2.13,68,2.63,66,2.01,65,2.30,62,2.02,0,0.00,0.00
M,106,Jensen,5.5,5.5,Brentford,72,2.99,70,2.35,68,2.47,67,3.29,65,2.41,64,2.87,61,2.47,0,0.00,0.00
M,107,Lewis-Potter,4.8,4.8,Brentford,0,0.00,0,0.00,0,0.00,0,0.00,0,0.00,0,0.00,0,0.00,0,0.00,0.00
M,108,Mbeumo,6.6,6.6,Brentford,89,5.58,88,3.83,85,4.14,83,6.25,82,4.16,81,5.40,80,4.71,0,0.00,0.39
D,109,Mee,4.8,4.8,Brentford,71,2.65,81,1.64,78,2.33,77,3.93,77,1.82,77,3.43,77,2.55,0,0.00,0.00
M,110,Nørgaard,5.5,5.5,Brentford,88,2.75,85,2.21,78,2.22,73,2.72,75,2.14,72,2.46,73,2.26,0,0.00,0.00
M,111,Onyeka,4.9,4.9,Brentford,43,1.67,46,1.54,47,1.62,42,1.83,36,1.33,33,1.41,28,1.15,0,0.00,0.00
D,112,Pinnock,4.5,4.5,Brentford,80,2.92,80,1.58,78,2.27,74,3.67,73,1.69,72,3.10,75,2.42,0,0.00,0.00
G,113,Raya,4.8,4.8,Arsenal,85,3.33,81,3.79,0,0.00,77,3.60,78,3.60,78,3.04,78,3.16,76,2.73,0.05
D,114,Roerslev,4.4,4.4,Brentford,42,1.70,41,0.99,42,1.40,40,2.14,40,1.11,43,1.99,40,1.47,0,0.00,0.00
M,115,Schade,5.3,5.3,Brentford,0,0.00,0,0.00,0,0.00,0,0.00,0,0.00,0,0.00,0,0.00,0,0.00,0.00
G,116,Strakosha,3.9,3.9,Brentford,0,0.00,1,0.03,2,0.07,3,0.13,4,0.13,5,0.21,5,0.18,0,0.00,0.14
F,117,Toney,7.9,7.9,Brentford,0,0.00,0,0.00,0,0.00,0,0.00,0,0.00,0,0.00,0,0.00,0,0.00,0.00
M,118,Trevitt,4.5,4.5,Brentford,0,0.00,0,0.00,0,0.00,0,0.00,0,0.00,0,0.00,0,0.00,0,0.00,0.00
F,119,Wissa,5.9,5.9,Brentford,75,3.67,73,2.76,72,2.91,70,3.95,70,2.98,69,3.53,69,3.22,0,0.00,0.00
M,120,Yarmolyuk,4.4,4.4,Brentford,8,0.34,10,0.42,13,0.50,11,0.49,10,0.40,8,0.36,7,0.31,0,0.00,0.00
D,121,Zanka,4.4,4.4,Brentford,6,0.21,7,0.17,9,0.27,8,0.38,9,0.24,8,0.35,9,0.29,0,0.00,0.00
M,122,Adingra,5.0,5.0,Brighton,55,2.61,55,3.11,58,2.75,48,2.01,48,2.51,43,2.41,34,1.46,32,1.53,0.05
M,123,Alzate,4.4,4.4,Brighton,0,0.00,0,0.00,0,0.00,0,0.00,0,0.00,0,0.00,0,0.00,0,0.00,0.00
M,124,Ayari,4.5,4.5,Brighton,0,0.00,0,0.00,0,0.00,0,0.00,0,0.00,0,0.00,0,0.00,0,0.00,0.00
M,125,Buonanotte,4.8,4.8,Brighton,16,0.86,17,1.06,19,1.05,18,0.87,16,0.94,16,0.97,11,0.53,11,0.59,0.00
M,126,Caicedo,4.7,4.7,Chelsea,84,2.26,77,2.05,77,2.06,72,2.17,72,1.96,69,2.04,71,2.52,72,2.12,0.00
F,127,Connolly,4.5,4.5,Brighton,0,0.00,0,0.00,0,0.00,0,0.00,0,0.00,0,0.00,0,0.00,0,0.00,0.00
M,128,Dahoud,4.8,4.8,Brighton,17,0.75,20,1.05,18,0.83,23,0.95,22,1.02,21,1.04,20,0.80,24,1.02,0.00
D,129,Dunk,5.0,5.0,Brighton,91,2.90,87,4.29,85,2.98,84,2.00,83,3.08,84,3.58,82,1.68,83,2.78,0.00
M,130,Enciso,5.1,5.1,Brighton,0,0.00,0,0.00,0,0.00,0,0.00,0,0.00,0,0.00,0,0.00,0,0.00,0.00
D,131,Estupiñan,5.0,5.0,Brighton,21,0.83,53,3.12,77,3.20,75,2.12,73,3.25,72,3.70,71,1.75,72,2.83,0.03
F,132,Ferguson,6.0,6.0,Brighton,74,3.94,71,4.80,72,3.89,68,3.13,63,3.78,59,3.91,55,2.51,51,2.72,0.00
M,133,Gilmour,4.9,4.9,Brighton,38,1.39,42,1.76,44,1.59,39,1.34,43,1.61,40,1.59,41,1.36,41,1.47,0.00
M,134,Gross,6.3,6.3,Brighton,83,3.83,81,4.96,80,3.85,78,3.01,77,4.01,76,4.41,76,2.82,74,3.28,0.01
F,135,João Pedro,5.3,5.3,Brighton,59,3.66,56,4.64,55,3.56,53,2.80,51,3.62,50,3.96,45,2.32,45,2.69,0.06
D,136,Karbownik,4.0,4.0,Brighton,0,0.00,0,0.00,0,0.00,0,0.00,0,0.00,0,0.00,0,0.00,0,0.00,0.00
M,137,Kozłowski,4.5,4.5,Brighton,0,0.00,0,0.00,0,0.00,0,0.00,0,0.00,0,0.00,0,0.00,0,0.00,0.00
M,138,Lallana,4.9,4.9,Brighton,29,1.37,32,1.83,32,1.50,30,1.30,29,1.47,27,1.50,26,1.11,25,1.18,0.00
D,139,Lamptey,4.0,4.0,Brighton,14,0.54,29,1.58,32,1.36,35,1.12,34,1.50,35,1.73,35,0.97,34,1.38,0.07
M,140,March,6.2,6.2,Brighton,0,0.00,0,0.00,0,0.00,16,0.68,25,1.38,37,2.24,59,2.30,62,2.88,0.00
G,141,McGill,3.9,3.9,Brighton,0,0.00,0,0.00,0,0.00,0,0.00,0,0.00,0,0.00,0,0.00,0,0.00,0.00
M,142,Milner,4.8,4.8,Brighton,35,1.36,32,1.50,29,1.20,27,1.03,28,1.21,28,1.28,28,1.05,28,1.10,0.00
M,143,Mitoma,6.5,6.5,Brighton,83,3.81,80,4.78,77,3.65,73,2.86,71,3.65,70,3.99,68,2.56,68,3.06,0.25
M,144,Moder,4.4,4.4,Brighton,0,0.00,2,0.11,3,0.18,3,0.17,3,0.21,4,0.26,3,0.14,3,0.19,0.00
G,145,Sanchez,4.6,4.6,Chelsea,94,3.32,92,3.27,92,3.35,91,3.45,91,3.33,90,3.59,89,4.21,90,3.63,0.01
M,146,Sarmiento,4.5,4.5,Brighton,0,0.00,0,0.00,0,0.00,0,0.00,0,0.00,0,0.00,0,0.00,0,0.00,0.00
G,147,Scherpen,4.0,4.0,Brighton,0,0.00,0,0.00,0,0.00,0,0.00,0,0.00,0,0.00,0,0.00,0,0.00,0.00
G,148,Steele,4.3,4.3,Brighton,50,1.91,47,2.14,48,1.91,46,1.64,48,1.92,48,2.00,46,1.60,47,1.79,0.00
F,149,Undav,5.5,5.5,Brighton,0,0.00,0,0.00,0,0.00,0,0.00,0,0.00,0,0.00,0,0.00,0,0.00,0.00
D,150,Van Hecke,4.0,4.0,Brighton,41,1.30,33,1.58,29,1.04,31,0.77,33,1.23,32,1.38,32,0.69,31,1.07,0.00
D,151,Veltman,4.4,4.4,Brighton,60,2.05,51,2.62,45,1.70,47,1.23,46,1.81,45,2.00,44,1.03,41,1.51,0.00
G,152,Verbruggen,4.4,4.4,Brighton,45,1.69,48,2.12,47,1.82,49,1.69,47,1.84,47,1.93,49,1.66,48,1.83,0.00
D,153,Webster,4.3,4.3,Brighton,38,1.30,34,1.70,30,1.15,31,0.85,33,1.31,32,1.44,34,0.82,33,1.21,0.00
F,154,Welbeck,5.8,5.8,Brighton,0,0.00,0,0.00,0,0.00,10,0.52,17,1.08,26,1.82,39,1.87,42,2.28,0.00
F,155,Zeqiri,4.4,4.4,Brighton,0,0.00,0,0.00,0,0.00,0,0.00,0,0.00,0,0.00,0,0.00,0,0.00,0.00
M,156,Agyei,4.3,4.3,Burnley,0,0.00,0,0.00,0,0.00,0,0.00,0,0.00,0,0.00,0,0.00,0,0.00,0.00
D,157,Al-Dakhil,4.0,4.0,Burnley,73,2.56,63,1.05,60,1.80,60,2.61,62,1.82,59,1.06,59,2.04,58,1.67,0.00
M,158,Bastien,4.9,4.9,Burnley,0,0.00,0,0.00,0,0.00,0,0.00,0,0.00,0,0.00,0,0.00,0,0.00,0.00
M,159,Benson,5.2,5.2,Burnley,5,0.29,11,0.55,20,1.15,21,1.38,20,1.07,21,1.09,20,1.16,20,1.04,0.00
D,160,Beyer,4.0,4.0,Burnley,37,1.20,67,0.97,81,2.22,78,3.15,75,2.05,73,1.14,72,2.31,73,1.94,0.03
M,161,Brownhill,4.8,4.8,Burnley,48,1.80,49,1.45,51,1.87,49,2.17,52,1.80,50,1.63,53,1.97,49,1.67,0.00
M,162,Churlinov,4.4,4.4,Burnley,0,0.00,0,0.00,1,0.10,2,0.16,2,0.13,2,0.16,2,0.20,4,0.28,0.00
M,163,Cork,4.8,4.8,Burnley,8,0.28,10,0.33,11,0.41,12,0.46,12,0.43,13,0.45,13,0.45,14,0.48,0.00
M,164,Costelloe,4.5,4.5,Burnley,0,0.00,0,0.00,0,0.00,0,0.00,0,0.00,0,0.00,0,0.00,0,0.00,0.00
M,165,Cullen,5.0,5.0,Burnley,85,2.48,85,2.06,81,2.33,78,2.67,78,2.19,77,2.01,78,2.31,76,2.12,0.00
D,166,Egan-Riley,3.9,3.9,Burnley,0,0.00,0,0.00,0,0.00,0,0.00,0,0.00,0,0.00,1,0.05,2,0.05,0.00
D,167,Ekdal,3.9,3.9,Burnley,11,0.33,9,0.16,7,0.20,9,0.33,11,0.31,10,0.18,13,0.43,13,0.36,0.00
F,168,Foster,5.0,5.0,Burnley,75,3.62,70,2.63,71,3.55,67,4.02,67,3.09,66,2.87,66,3.29,62,2.83,0.01
G,169,Franchi,3.9,3.9,Burnley,0,0.00,0,0.00,0,0.00,0,0.00,0,0.00,0,0.00,0,0.00,0,0.00,0.00
M,170,Gudmundsson,4.8,4.8,Burnley,16,0.88,16,0.74,16,0.87,16,1.01,17,0.90,17,0.86,17,0.94,16,0.82,0.00
D,171,McNally,4.0,4.0,Burnley,0,0.00,0,0.00,0,0.00,0,0.00,0,0.00,0,0.00,0,0.00,0,0.00,0.00
G,172,Muric,4.3,4.3,Burnley,1,0.05,3,0.08,3,0.13,5,0.20,5,0.19,5,0.18,6,0.22,6,0.20,0.00
D,173,O'Shea,4.4,4.4,Burnley,38,1.30,31,0.51,30,0.88,32,1.36,31,0.91,35,0.61,34,1.17,34,0.96,0.00
F,174,Obafemi,4.9,4.9,Burnley,0,0.00,0,0.00,1,0.09,4,0.31,5,0.32,7,0.41,8,0.48,9,0.52,0.00
G,175,Peacock-Farrell,4.0,4.0,Burnley,0,0.00,0,0.00,0,0.00,0,0.00,0,0.00,0,0.00,0,0.00,0,0.00,0.00
D,176,Roberts,4.4,4.4,Burnley,76,2.92,73,1.27,69,2.28,71,3.51,68,2.15,69,1.35,66,2.52,66,2.03,0.00
F,177,Rodriguez,5.3,5.3,Burnley,3,0.22,4,0.25,4,0.30,4,0.36,4,0.30,4,0.32,5,0.37,5,0.34,0.00
D,178,Taylor,3.9,3.9,Burnley,90,3.03,87,1.30,83,2.38,80,3.42,77,2.21,76,1.27,75,2.53,73,2.04,0.51
D,179,Thomas,4.0,4.0,Burnley,0,0.00,0,0.00,0,0.00,0,0.00,0,0.00,0,0.00,0,0.00,0,0.00,0.00
M,180,Twine,4.9,4.9,Burnley,0,0.00,0,0.00,0,0.00,0,0.00,0,0.00,0,0.00,0,0.00,0,0.00,0.00
G,181,Vigouroux,4.0,4.0,Burnley,0,0.00,0,0.00,0,0.00,0,0.00,0,0.00,0,0.00,0,0.00,0,0.00,0.00
D,182,Vitinho,4.4,4.4,Burnley,24,1.06,25,0.68,28,1.13,28,1.45,31,1.18,31,0.88,30,1.32,33,1.21,0.00
F,183,Weghorst,5.5,5.5,Burnley,0,0.00,0,0.00,0,0.00,0,0.00,0,0.00,0,0.00,0,0.00,0,0.00,0.00
M,184,Zaroury,4.8,4.8,Burnley,6,0.38,6,0.35,6,0.41,6,0.47,8,0.47,7,0.42,8,0.49,8,0.47,0.00
D,185,Ampadu,4.0,4.0,Chelsea,0,0.00,0,0.00,0,0.00,0,0.00,0,0.00,0,0.00,0,0.00,0,0.00,0.00
M,186,Andrey,4.4,4.4,Nott'm Forest,7,0.25,1,0.05,1,0.05,2,0.07,2,0.07,2,0.07,2,0.07,2,0.07,0.00
G,187,Arrizabalaga,5.0,5.0,Chelsea,0,0.00,0,0.00,0,0.00,0,0.00,0,0.00,0,0.00,0,0.00,0,0.00,0.00
F,188,Aubameyang,6.5,6.5,Chelsea,0,0.00,0,0.00,0,0.00,0,0.00,0,0.00,0,0.00,0,0.00,0,0.00,0.00
D,189,Azpilicueta,4.5,4.5,Chelsea,0,0.00,0,0.00,0,0.00,0,0.00,0,0.00,0,0.00,0,0.00,0,0.00,0.00
D,190,Baba,4.0,4.0,Chelsea,0,0.00,0,0.00,0,0.00,0,0.00,0,0.00,0,0.00,0,0.00,0,0.00,0.00
D,191,B.Badiashile,4.4,4.4,Chelsea,33,1.02,36,1.09,38,1.24,38,1.43,39,1.25,38,1.56,37,2.08,34,1.43,0.00
G,192,Bettinelli,4.0,4.0,Chelsea,0,0.00,0,0.00,0,0.00,0,0.00,0,0.00,0,0.00,0,0.00,0,0.00,0.00
F,193,Broja,4.9,4.9,Chelsea,2,0.12,11,0.60,24,1.29,21,1.41,20,1.13,19,1.17,19,1.45,18,1.08,0.00
D,194,Chalobah,4.3,4.3,Chelsea,0,0.00,0,0.00,0,0.00,0,0.00,0,0.00,0,0.00,0,0.00,0,0.00,0.00
D,195,Chilwell,5.4,5.4,Chelsea,0,0.00,0,0.00,0,0.00,0,0.00,0,0.00,0,0.00,11,0.75,28,1.50,0.01
M,196,Chukwuemeka,4.3,4.3,Chelsea,0,0.00,0,0.00,0,0.00,0,0.00,0,0.00,0,0.00,0,0.00,0,0.00,0.06
D,197,Colwill,4.6,4.6,Chelsea,85,2.57,81,2.38,80,2.52,78,2.93,78,2.47,78,3.18,76,4.28,76,3.18,0.03
D,198,Cucurella,4.8,4.8,Chelsea,44,1.43,44,1.38,45,1.51,45,1.78,46,1.53,43,1.84,40,2.30,36,1.58,0.00
M,199,Enzo,4.8,4.8,Chelsea,77,2.59,84,2.70,80,2.61,76,2.94,75,2.45,74,2.62,72,3.31,74,2.65,0.01
F,200,D.D.Fofana,5.0,5.0,Chelsea,0,0.00,0,0.00,0,0.00,0,0.00,0,0.00,0,0.00,0,0.00,0,0.00,0.00
D,201,W.Fofana,4.4,4.4,Chelsea,0,0.00,0,0.00,0,0.00,0,0.00,0,0.00,0,0.00,0,0.00,0,0.00,0.00
M,202,Gallagher,5.4,5.4,Chelsea,67,2.43,65,2.23,64,2.23,60,2.56,59,2.11,57,2.25,56,2.88,56,2.25,0.00
D,203,Gusto,4.2,4.2,Chelsea,48,1.64,32,1.08,34,1.21,35,1.46,35,1.27,36,1.57,36,2.08,36,1.64,0.02
D,204,Hall,4.4,4.4,Newcastle,20,0.77,21,1.01,0,0.00,18,0.80,20,0.89,20,0.73,22,1.15,20,1.04,0.00
M,205,Hudson-Odoi,4.9,4.9,Nott'm Forest,0,0.00,0,0.00,0,0.00,8,0.42,12,0.59,21,0.97,36,1.64,41,2.09,0.00
D,206,James,5.3,5.3,Chelsea,51,1.97,66,2.37,63,2.44,61,2.96,61,2.36,59,2.92,58,3.99,57,2.87,0.00
F,207,Lukaku,6.8,6.8,Chelsea,0,0.00,0,0.00,0,0.00,0,0.00,0,0.00,0,0.00,0,0.00,0,0.00,0.00
M,208,Madueke,5.3,5.3,Chelsea,20,1.11,19,1.03,18,0.95,16,1.06,15,0.84,16,0.92,14,1.04,14,0.82,0.00
M,209,Mount,6.8,6.8,Man Utd,71,3.52,67,4.20,65,3.13,63,2.64,63,3.00,61,3.62,60,2.49,60,2.82,0.00
M,210,Mudryk,6.3,6.3,Chelsea,45,2.22,52,2.39,51,2.35,48,2.84,45,2.15,45,2.41,43,3.04,43,2.33,0.00
F,211,N.Jackson,6.8,6.8,Chelsea,65,3.08,60,2.73,53,2.40,49,2.94,46,2.20,42,2.25,43,3.02,44,2.33,0.00
F,212,Nkunku,7.3,7.3,Chelsea,0,0.00,0,0.00,6,0.35,36,2.33,50,2.50,59,3.26,67,5.10,66,3.64,0.00
M,213,Pulisic,5.5,5.5,Chelsea,0,0.00,0,0.00,0,0.00,0,0.00,0,0.00,0,0.00,0,0.00,0,0.00,0.00
D,214,M.Sarr,4.4,4.4,Chelsea,1,0.03,2,0.05,3,0.07,4,0.10,4,0.11,5,0.16,4,0.15,5,0.15,0.00
G,215,Slonina,4.0,4.0,Chelsea,0,0.00,0,0.00,0,0.00,0,0.00,0,0.00,0,0.00,0,0.00,0,0.00,0.00
M,216,Sterling,7.0,7.0,Chelsea,77,3.64,73,3.28,71,3.19,66,3.85,65,3.00,65,3.31,65,4.52,64,3.33,0.03
D,217,T.Silva,5.0,5.0,Chelsea,89,2.48,85,2.34,83,2.48,83,2.90,79,2.37,78,3.04,79,4.26,78,3.15,0.00
M,218,Ziyech,5.4,5.4,Chelsea,0,0.00,0,0.00,0,0.00,0,0.00,0,0.00,0,0.00,0,0.00,0,0.00,0.00
M,219,Ahamada,4.3,4.3,Crystal Palace,13,0.56,12,0.52,10,0.46,10,0.42,12,0.54,12,0.49,9,0.37,10,0.44,0.01
D,220,Andersen,4.9,4.9,Crystal Palace,90,3.13,86,3.31,84,3.39,82,2.24,81,3.34,80,1.94,78,1.21,78,2.20,0.03
M,221,J.Ayew,5.4,5.4,Crystal Palace,79,3.88,74,3.80,71,3.71,67,2.89,65,3.50,61,2.56,61,2.00,59,2.78,0.00
D,222,Clyne,4.4,4.4,Crystal Palace,19,0.67,17,0.63,19,0.75,21,0.62,23,0.98,26,0.71,24,0.49,23,0.72,0.00
M,223,C.Doucouré,5.0,5.0,Crystal Palace,87,2.48,85,2.48,83,2.47,81,2.15,79,2.42,78,2.04,76,1.80,75,2.10,0.00
M,224,Ebiowei,4.5,4.5,Crystal Palace,2,0.17,2,0.19,2,0.19,3,0.20,3,0.24,3,0.20,3,0.17,2,0.18,0.00
F,225,Edouard,5.5,5.5,Crystal Palace,74,3.57,70,3.54,68,3.46,67,2.88,66,3.42,66,2.77,63,2.11,62,2.89,0.00
M,226,Eze,6.1,6.1,Crystal Palace,0,0.00,0,0.00,0,0.00,21,1.00,33,1.97,45,2.06,73,2.49,73,3.74,0.00
G,227,Guaita,4.4,4.4,Crystal Palace,0,0.00,0,0.00,0,0.00,0,0.00,0,0.00,0,0.00,0,0.00,0,0.00,0.00
D,228,Guéhi,4.5,4.5,Crystal Palace,90,3.09,87,3.30,84,3.38,81,2.20,81,3.33,81,1.95,81,1.24,80,2.20,0.18
M,229,Hughes,4.9,4.9,Crystal Palace,51,1.81,46,1.66,44,1.59,43,1.39,40,1.49,39,1.28,34,1.01,35,1.22,0.00
G,230,Johnstone,4.5,4.5,Crystal Palace,92,3.61,85,3.46,72,2.99,71,2.52,70,2.94,70,2.43,72,2.36,68,2.41,0.02
M,231,Lerma,4.7,4.7,Crystal Palace,79,2.34,75,2.27,73,2.24,69,1.88,69,2.15,66,1.78,62,1.49,61,1.75,0.00
F,232,Mateta,4.9,4.9,Crystal Palace,37,2.02,36,2.03,34,1.96,32,1.60,33,1.96,33,1.61,32,1.29,33,1.76,0.00
G,233,Matthews,4.0,4.0,Crystal Palace,0,0.00,0,0.00,0,0.00,0,0.00,0,0.00,0,0.00,0,0.00,0,0.00,0.00
D,234,Mitchell,4.5,4.5,Crystal Palace,63,2.18,82,3.12,80,3.20,79,2.16,76,3.12,76,1.85,74,1.19,75,2.09,0.01
D,235,O'Brien,4.0,4.0,Crystal Palace,0,0.00,0,0.00,0,0.00,0,0.00,0,0.00,0,0.00,0,0.00,0,0.00,0.00
M,236,Olise,5.8,5.8,Crystal Palace,34,1.69,61,3.08,76,3.82,74,3.06,73,3.75,72,2.90,72,2.27,70,3.12,0.00
F,237,Plange,4.5,4.5,Crystal Palace,0,0.00,0,0.00,0,0.00,0,0.00,0,0.00,0,0.00,0,0.00,0,0.00,0.00
D,238,C.Richards,3.9,3.9,Crystal Palace,13,0.45,16,0.62,21,0.88,23,0.69,24,1.05,25,0.70,28,0.52,29,0.90,0.00
M,239,Riedewald,4.4,4.4,Crystal Palace,10,0.37,7,0.29,9,0.35,9,0.32,9,0.34,9,0.34,9,0.32,9,0.34,0.00
M,240,Schlupp,4.9,4.9,Crystal Palace,61,2.51,58,2.53,57,2.48,55,2.11,52,2.35,51,1.93,48,1.58,49,2.02,0.00
D,241,Tomkins,4.0,4.0,Crystal Palace,0,0.00,0,0.00,0,0.00,2,0.04,2,0.06,2,0.05,2,0.04,2,0.06,0.00
D,242,Ward,4.5,4.5,Crystal Palace,84,3.00,80,3.19,76,3.17,73,2.01,71,2.97,67,1.66,67,1.06,67,1.90,0.00
G,243,Whitworth,4.0,4.0,Crystal Palace,0,0.00,0,0.00,0,0.00,0,0.00,0,0.00,0,0.00,0,0.00,0,0.00,0.00
M,244,André Gomes,4.4,4.4,Everton,0,0.00,0,0.00,0,0.00,0,0.00,0,0.00,0,0.00,0,0.00,0,0.00,0.00
D,245,Branthwaite,4.0,4.0,Everton,84,2.17,80,2.52,78,2.19,74,2.41,72,2.04,73,2.12,71,2.31,70,1.36,0.05
F,246,Calvert-Lewin,5.8,5.8,Everton,65,3.66,61,2.96,61,3.09,59,2.98,58,2.82,58,2.77,57,3.00,56,2.51,0.00
D,247,Coleman,4.4,4.4,Everton,3,0.09,7,0.28,17,0.59,18,0.71,20,0.70,21,0.75,21,0.83,22,0.62,0.00
M,248,Dele,4.8,4.8,Everton,8,0.45,12,0.59,15,0.76,17,0.83,19,0.89,19,0.88,19,0.94,23,0.99,0.00
M,249,A.Doucoure,5.5,5.5,Everton,88,3.12,86,2.81,81,2.73,80,2.72,77,2.57,79,2.58,78,2.72,77,2.35,0.00
M,250,Garner,4.9,4.9,Everton,69,2.27,69,2.15,68,2.14,69,2.21,67,2.06,70,2.13,70,2.25,67,1.91,0.00
M,251,Gbamin,4.4,4.4,Everton,0,0.00,0,0.00,0,0.00,0,0.00,0,0.00,0,0.00,0,0.00,0,0.00,0.00
D,252,Godfrey,4.3,4.3,Everton,10,0.31,12,0.43,15,0.51,20,0.73,20,0.67,20,0.69,20,0.75,24,0.61,0.00
M,253,Gray,5.3,5.3,Everton,0,0.00,0,0.00,0,0.00,0,0.00,0,0.00,0,0.00,0,0.00,0,0.00,0.00
M,254,Gana,4.8,4.8,Everton,55,1.70,56,1.71,57,1.71,56,1.73,56,1.68,55,1.64,56,1.72,56,1.55,0.00
D,255,Holgate,4.0,4.0,Everton,0,0.00,0,0.00,0,0.00,0,0.00,0,0.00,0,0.00,0,0.00,0,0.00,0.00
M,256,Iwobi,5.4,5.4,Fulham,47,1.84,45,1.64,46,2.02,46,1.55,49,2.11,47,1.96,48,1.63,47,2.08,0.00
D,257,Keane,4.3,4.3,Everton,10,0.30,15,0.51,16,0.51,20,0.70,21,0.67,22,0.69,23,0.80,23,0.52,0.00
F,258,Maupay,4.9,4.9,Brentford,55,3.09,56,2.40,52,2.40,51,3.34,50,2.49,46,2.77,44,2.42,0,0.00,0.00
M,259,McNeil,5.4,5.4,Everton,76,3.35,72,2.95,71,2.97,70,2.95,70,2.82,70,2.80,70,3.01,69,2.53,0.00
D,260,Mykolenko,4.3,4.3,Everton,77,2.22,76,2.57,72,2.23,71,2.52,71,2.19,70,2.19,70,2.47,68,1.48,0.00
M,261,Onana,4.8,4.8,Everton,68,2.08,67,2.00,68,2.02,68,2.05,68,1.98,67,1.95,67,2.04,66,1.79,0.00
D,262,Patterson,4.4,4.4,Everton,28,0.88,30,1.04,29,0.94,29,1.04,30,0.97,32,1.06,29,1.07,31,0.77,0.00
G,263,Pickford,4.4,4.4,Everton,93,3.31,93,3.51,92,3.37,91,3.50,91,3.33,91,3.36,92,3.52,92,3.04,0.13
F,264,Simms,4.5,4.5,Everton,0,0.00,0,0.00,0,0.00,0,0.00,0,0.00,0,0.00,0,0.00,0,0.00,0.01
D,265,Tarkowski,4.4,4.4,Everton,92,2.49,89,2.86,88,2.52,86,2.86,86,2.48,84,2.49,85,2.82,84,1.65,0.00
G,266,J.Virginia,3.9,3.9,Everton,2,0.06,2,0.09,2,0.09,4,0.15,3,0.12,3,0.13,3,0.11,3,0.09,0.01
M,267,Andreas,5.4,5.4,Fulham,75,3.48,71,3.02,72,3.92,70,2.67,69,3.76,70,3.55,69,2.67,69,3.81,0.00
M,268,Cairney,4.9,4.9,Fulham,9,0.47,13,0.58,14,0.69,17,0.72,19,0.93,17,0.83,21,0.89,22,1.07,0.00
M,269,I.Cavaleiro,5.0,5.0,Fulham,0,0.00,0,0.00,0,0.00,0,0.00,0,0.00,0,0.00,0,0.00,0,0.00,0.00
M,270,De Cordova-Reid,5.5,5.5,Fulham,43,1.92,44,1.81,44,2.19,45,1.71,42,2.09,46,2.15,47,1.79,46,2.30,0.00
D,271,Diop,4.5,4.5,Fulham,0,0.00,0,0.00,0,0.00,0,0.00,0,0.00,0,0.00,0,0.00,0,0.00,0.00
M,272,Francois,4.4,4.4,Fulham,0,0.00,0,0.00,0,0.00,0,0.00,0,0.00,0,0.00,0,0.00,0,0.00,0.00
M,273,Knockaert,4.4,4.4,Fulham,0,0.00,0,0.00,0,0.00,0,0.00,0,0.00,0,0.00,0,0.00,0,0.00,0.00
D,274,Kongolo,4.0,4.0,Fulham,0,0.00,0,0.00,0,0.00,0,0.00,0,0.00,0,0.00,0,0.00,0,0.00,0.00
G,275,Leno,4.7,4.7,Fulham,94,3.41,92,3.18,92,3.75,91,3.02,91,3.79,90,3.45,91,3.12,91,3.70,0.04
M,276,Lukić,4.4,4.4,Fulham,29,1.21,30,1.18,32,1.40,35,1.25,37,1.58,39,1.54,38,1.33,39,1.64,0.00
D,277,Mbabu,4.0,4.0,Fulham,0,0.00,0,0.00,0,0.00,0,0.00,0,0.00,0,0.00,0,0.00,0,0.00,0.00
F,278,Mitrović,7.4,7.4,Fulham,0,0.00,0,0.00,0,0.00,0,0.00,0,0.00,0,0.00,0,0.00,0,0.00,0.00
F,279,Muniz,4.4,4.4,Fulham,2,0.13,2,0.13,2,0.20,3,0.21,3,0.28,4,0.30,4,0.27,4,0.32,0.00
M,280,J.Palhinha,5.0,5.0,Fulham,90,2.36,88,2.18,81,2.42,78,1.86,76,2.28,75,2.13,76,1.87,75,2.24,0.00
D,281,Ream,4.5,4.5,Fulham,93,2.39,90,1.85,87,3.19,86,1.24,85,3.25,86,2.57,84,1.70,83,3.08,0.00
M,282,Reed,4.8,4.8,Fulham,62,2.04,60,1.90,59,2.14,58,1.73,58,2.12,57,1.99,53,1.67,55,2.02,0.00
D,283,Robinson,4.4,4.4,Fulham,87,2.37,85,1.85,82,3.21,81,1.25,77,3.13,77,2.50,76,1.63,76,3.04,0.00
G,284,Rodák,3.9,3.9,Fulham,1,0.04,2,0.09,3,0.13,4,0.13,4,0.17,4,0.17,4,0.12,4,0.16,0.00
D,285,Tete,4.4,4.4,Fulham,0,0.00,0,0.00,0,0.00,0,0.00,0,0.00,0,0.00,0,0.00,0,0.00,0.00
D,286,Tosin,4.3,4.3,Fulham,2,0.07,18,0.42,46,1.74,46,0.72,49,1.90,50,1.55,48,1.02,49,1.87,0.00
F,287,Vinícius,4.8,4.8,Fulham,37,1.90,36,1.71,38,2.18,36,1.58,38,2.15,38,2.07,37,1.59,37,2.16,0.00
M,288,Wilson,5.3,5.3,Fulham,47,2.27,48,2.13,47,2.60,47,1.92,47,2.60,46,2.41,46,1.93,46,2.60,0.00
G,289,Adrián,4.0,4.0,Liverpool,0,0.00,0,0.00,0,0.00,0,0.00,0,0.00,0,0.00,0,0.00,0,0.00,0.00
D,290,Alexander-Arnold,7.9,7.9,Liverpool,89,5.39,85,4.73,83,2.21,80,4.95,81,5.06,81,4.20,78,3.89,77,3.37,0.04
G,291,A.Becker,5.6,5.6,Liverpool,94,4.17,93,3.97,92,3.23,92,4.09,91,4.09,92,3.90,91,3.64,91,3.55,0.00
M,292,Bajcetic,4.8,4.8,Liverpool,0,0.00,0,0.00,0,0.00,0,0.00,0,0.00,0,0.00,0,0.00,0,0.00,0.00
F,293,Darwin,7.4,7.4,Liverpool,39,3.01,39,2.82,40,1.94,40,3.12,40,3.14,42,2.64,41,2.77,41,2.44,0.05
M,294,Diogo J.,7.7,7.7,Liverpool,47,3.46,46,3.19,46,2.12,46,3.44,46,3.46,44,2.75,49,3.19,46,2.69,0.00
M,295,Elliott,4.8,4.8,Liverpool,7,0.52,10,0.61,9,0.46,12,0.74,13,0.81,14,0.75,15,0.89,14,0.78,0.00
M,296,Fabinho,5.0,5.0,Liverpool,0,0.00,0,0.00,0,0.00,0,0.00,0,0.00,0,0.00,0,0.00,0,0.00,0.00
F,297,Gakpo,7.2,7.2,Liverpool,42,2.70,44,2.67,43,1.88,43,2.82,44,2.91,44,2.40,44,2.55,45,2.34,0.00
D,298,Gomez,4.5,4.5,Liverpool,24,1.03,30,1.22,34,0.72,36,1.56,36,1.61,39,1.50,39,1.38,40,1.30,0.00
M,299,Henderson,5.0,5.0,Liverpool,0,0.00,0,0.00,0,0.00,0,0.00,0,0.00,0,0.00,0,0.00,0,0.00,0.00
M,300,Jones,4.9,4.9,Liverpool,45,1.99,44,1.88,39,1.37,41,1.83,40,1.84,42,1.70,43,1.74,42,1.63,0.00
G,301,Kelleher,3.9,3.9,Liverpool,1,0.05,2,0.08,3,0.10,3,0.14,4,0.16,3,0.12,4,0.16,3,0.13,0.00
D,302,Konaté,4.9,4.9,Liverpool,84,3.69,80,3.27,77,1.53,74,3.29,73,3.27,71,2.81,71,2.50,69,2.21,0.00
M,303,Luis Díaz,7.5,7.5,Liverpool,70,4.55,69,4.19,66,2.70,66,4.34,65,4.38,64,3.53,63,3.64,63,3.24,0.01
M,304,Mac Allister,5.8,5.8,Liverpool,80,3.73,77,3.41,72,2.31,71,3.38,70,3.38,67,2.77,69,2.92,69,2.66,0.00
D,305,Matip,4.9,4.9,Liverpool,13,0.54,17,0.72,21,0.52,25,1.23,26,1.27,28,1.25,28,1.14,28,1.05,0.00
D,306,Phillips,4.0,4.0,Liverpool,0,0.00,0,0.00,0,0.00,0,0.00,0,0.00,0,0.00,0,0.00,0,0.00,0.00
D,307,Robertson,6.5,6.5,Liverpool,0,0.00,0,0.00,0,0.00,0,0.00,0,0.00,0,0.00,0,0.00,0,0.00,0.00
M,308,Salah,12.8,12.7,Liverpool,87,7.46,84,6.65,82,3.90,80,7.01,79,7.05,79,5.45,78,5.83,77,5.02,0.91
M,309,Szoboszlai,7.0,7.0,Liverpool,86,4.69,83,4.29,82,2.83,78,4.41,79,4.50,79,3.68,77,3.78,76,3.37,0.00
M,310,Thiago,4.8,4.8,Liverpool,7,0.32,25,1.02,45,1.37,47,1.86,47,1.89,45,1.63,45,1.65,46,1.58,0.00
D,311,Tsimikas,4.5,4.5,Liverpool,82,4.57,79,4.07,79,1.92,77,4.34,76,4.33,74,3.59,73,3.30,74,2.94,0.63
D,312,Van den Berg,4.0,4.0,Liverpool,0,0.00,0,0.00,0,0.00,0,0.00,0,0.00,0,0.00,0,0.00,0,0.00,0.00
D,313,Virgil,6.0,6.0,Liverpool,92,4.32,88,3.83,86,1.82,84,4.02,82,4.01,81,3.41,82,3.11,82,2.81,0.00
F,314,Adebayo,4.8,4.8,Luton,40,1.74,39,1.58,40,1.89,38,1.64,39,1.64,41,1.55,39,1.78,40,1.68,0.00
D,315,Andersen,4.0,4.0,Luton,0,0.00,0,0.00,0,0.00,0,0.00,0,0.00,0,0.00,0,0.00,2,0.05,0.00
D,316,Bell,3.9,3.9,Luton,0,0.00,0,0.00,0,0.00,0,0.00,0,0.00,0,0.00,0,0.00,0,0.00,0.00
M,317,Berry,4.7,4.7,Luton,8,0.36,12,0.50,11,0.51,6,0.31,10,0.44,8,0.35,3,0.16,3,0.18,0.00
D,318,Burke,4.0,4.0,Luton,0,0.00,0,0.00,0,0.00,0,0.00,0,0.00,0,0.00,0,0.00,0,0.00,0.00
M,319,Campbell,4.9,4.9,Luton,0,0.00,0,0.00,0,0.00,0,0.00,0,0.00,0,0.00,0,0.00,0,0.00,0.00
M,320,Clark,4.8,4.8,Luton,0,0.00,0,0.00,6,0.23,16,0.59,29,0.97,44,1.30,22,0.87,24,0.88,0.00
D,321,Doughty,4.4,4.4,Luton,79,1.64,76,1.59,75,2.90,74,1.93,73,1.75,78,1.30,73,2.24,73,1.95,0.00
M,322,Freeman,4.9,4.9,Luton,0,0.00,0,0.00,0,0.00,0,0.00,0,0.00,0,0.00,0,0.00,0,0.00,0.00
G,323,Macey,4.0,4.0,Luton,0,0.00,0,0.00,0,0.00,0,0.00,0,0.00,0,0.00,0,0.00,0,0.00,0.00
F,324,McAtee,4.5,4.5,Luton,0,0.00,0,0.00,0,0.00,0,0.00,0,0.00,0,0.00,0,0.00,0,0.00,0.00
M,325,Mendes,4.5,4.5,Luton,0,0.00,0,0.00,0,0.00,0,0.00,0,0.00,0,0.00,0,0.00,0,0.00,0.00
F,326,Morris,5.5,5.5,Luton,79,3.08,75,2.67,74,3.24,74,2.84,71,2.64,72,2.42,73,3.04,71,2.74,0.07
F,327,Muskwe,4.5,4.5,Luton,0,0.00,0,0.00,0,0.00,0,0.00,0,0.00,0,0.00,0,0.00,0,0.00,0.00
F,328,Ogbene,4.9,4.9,Luton,63,2.05,61,1.86,63,2.17,62,1.98,62,1.95,62,1.82,61,2.08,60,1.94,0.00
M,329,Onyedinma,5.0,5.0,Luton,0,0.00,0,0.00,0,0.00,0,0.00,0,0.00,0,0.00,0,0.00,0,0.00,0.00
D,330,Osho,4.4,4.4,Luton,72,1.16,81,1.35,78,2.55,77,1.65,75,1.47,74,1.05,73,1.85,73,1.61,0.00
F,331,Pepple,4.5,4.5,Luton,0,0.00,0,0.00,0,0.00,0,0.00,0,0.00,0,0.00,0,0.00,0,0.00,0.00
M,332,Pereira,4.4,4.4,Luton,0,0.00,0,0.00,0,0.00,0,0.00,0,0.00,0,0.00,0,0.00,0,0.00,0.00
D,333,Potts,3.9,3.9,Luton,0,0.00,0,0.00,5,0.18,12,0.33,19,0.49,27,0.54,25,0.77,24,0.67,0.00
M,334,Rea,4.4,4.4,Luton,0,0.00,0,0.00,0,0.00,0,0.00,0,0.00,0,0.00,0,0.00,0,0.00,0.00
G,335,Shea,4.4,4.4,Luton,0,0.00,0,0.00,0,0.00,0,0.00,0,0.00,0,0.00,0,0.00,0,0.00,0.00
F,336,Taylor,4.5,4.5,Luton,0,0.00,0,0.00,0,0.00,0,0.00,0,0.00,0,0.00,0,0.00,0,0.00,0.00
M,337,Thorpe,4.5,4.5,Luton,0,0.00,0,0.00,0,0.00,0,0.00,0,0.00,0,0.00,0,0.00,0,0.00,0.00
G,338,Walton,4.0,4.0,Luton,0,0.00,0,0.00,0,0.00,0,0.00,0,0.00,0,0.00,0,0.00,0,0.00,0.00
M,339,Watson,4.4,4.4,Luton,0,0.00,0,0.00,0,0.00,0,0.00,0,0.00,0,0.00,0,0.00,0,0.00,0.00
F,340,Woodrow,4.4,4.4,Luton,4,0.27,6,0.37,6,0.42,7,0.40,7,0.39,8,0.41,7,0.43,6,0.36,0.00
D,341,Akanji,4.9,4.9,Man City,49,2.74,50,1.91,53,2.16,54,2.39,55,2.18,55,2.99,53,2.94,0,0.00,0.00
D,342,Aké,5.0,5.0,Man City,38,2.13,42,1.72,46,1.96,47,2.21,43,1.85,48,2.68,49,2.78,0,0.00,0.00
F,343,J.Alvarez,7.1,7.0,Man City,77,5.40,74,3.72,73,4.24,73,4.55,72,3.99,71,4.83,69,4.38,0,0.00,0.30
M,344,Bernardo,6.3,6.3,Man City,62,3.76,64,2.78,64,3.14,64,3.35,64,2.98,62,3.58,61,3.40,0,0.00,0.00
M,345,Bobb,4.4,4.4,Man City,0,0.00,2,0.09,3,0.16,3,0.17,4,0.22,5,0.31,4,0.25,0,0.00,0.00
D,346,Cancelo,5.8,5.8,Man City,0,0.00,0,0.00,0,0.00,0,0.00,0,0.00,0,0.00,0,0.00,0,0.00,0.00
G,347,Carson,3.9,3.9,Man City,0,0.00,0,0.00,0,0.00,0,0.00,0,0.00,0,0.00,0,0.00,0,0.00,0.00
M,348,Charles,4.5,4.5,Man City,0,0.00,0,0.00,0,0.00,0,0.00,0,0.00,0,0.00,0,0.00,0,0.00,0.00
M,349,De Bruyne,10.2,10.2,Man City,0,0.00,0,0.00,0,0.00,0,0.00,0,0.00,0,0.00,14,1.07,0,0.00,0.00
D,350,Rúben,5.5,5.5,Man City,80,4.30,80,3.00,77,3.11,76,3.42,76,3.03,73,3.94,73,4.00,0,0.00,0.04
M,351,Doyle,4.4,4.4,Wolves,5,0.33,3,0.21,4,0.27,5,0.27,6,0.36,6,0.37,7,0.40,6,0.35,0.00
G,352,Ederson M.,5.5,5.5,Man City,93,4.36,92,3.61,90,3.58,90,3.72,90,3.55,89,4.20,89,4.29,0,0.00,0.01
M,353,Foden,7.5,7.5,Man City,66,4.69,65,3.33,64,3.69,61,3.78,64,3.57,63,4.32,61,3.95,0,0.00,0.01
M,354,Grealish,7.3,7.3,Man City,53,3.96,53,2.78,54,3.21,55,3.51,54,3.10,55,3.93,54,3.58,0,0.00,0.00
F,355,Haaland,14.0,14.0,Man City,89,8.07,86,5.16,84,5.98,83,6.48,80,5.42,80,6.99,79,6.32,0,0.00,0.83
M,356,Kovačić,4.9,4.9,Man City,54,2.63,52,1.94,54,2.18,52,2.25,51,2.04,52,2.44,50,2.29,0,0.00,0.00
D,357,Laporte,4.9,4.9,Man City,0,0.00,0,0.00,0,0.00,0,0.00,0,0.00,0,0.00,0,0.00,0,0.00,0.00
D,358,R.Lewis,4.3,4.3,Man City,3,0.14,4,0.17,7,0.29,8,0.38,10,0.42,10,0.53,10,0.53,0,0.00,0.00
M,359,Mahrez,7.5,7.5,Man City,0,0.00,0,0.00,0,0.00,0,0.00,0,0.00,0,0.00,0,0.00,0,0.00,0.00
M,360,McAtee,4.4,4.4,Sheffield Utd,54,2.35,54,1.97,46,2.08,46,1.89,47,1.77,46,1.91,47,1.65,45,1.66,0.00
G,361,Ortega Moreno,3.9,3.9,Man City,2,0.08,3,0.12,4,0.18,5,0.23,5,0.22,6,0.28,6,0.29,0,0.00,0.00
M,362,Palmer,5.0,5.0,Chelsea,72,3.39,67,2.99,67,2.97,63,3.51,62,2.74,62,2.98,59,3.75,58,2.90,0.27
M,363,Perrone,4.4,4.4,Man City,0,0.00,0,0.00,0,0.00,0,0.00,0,0.00,0,0.00,0,0.00,0,0.00,0.00
M,364,Phillips,4.8,4.8,Man City,4,0.17,5,0.20,10,0.37,10,0.41,13,0.48,14,0.57,14,0.55,0,0.00,0.00
M,365,Rodrigo,5.6,5.6,Man City,89,3.62,89,2.74,82,2.80,79,2.89,78,2.62,76,3.09,77,3.04,0,0.00,0.00
D,366,Sergio Gómez,3.9,3.9,Man City,2,0.13,3,0.13,5,0.25,6,0.34,6,0.31,8,0.47,7,0.45,0,0.00,0.00
G,367,Steffen,3.9,3.9,Man City,0,0.00,0,0.00,0,0.00,0,0.00,0,0.00,0,0.00,0,0.00,0,0.00,0.00
D,368,Stones,5.3,5.3,Man City,67,3.71,65,2.58,65,2.73,63,2.92,63,2.62,62,3.48,64,3.64,0,0.00,0.00
D,369,Walker,5.3,5.3,Man City,66,3.62,66,2.46,64,2.56,63,2.77,62,2.46,62,3.38,59,3.23,0,0.00,0.00
D,370,Alex Telles,4.5,4.5,Man Utd,0,0.00,0,0.00,0,0.00,0,0.00,0,0.00,0,0.00,0,0.00,0,0.00,0.00
M,371,Amad,4.4,4.4,Man Utd,0,0.00,0,0.00,0,0.00,0,0.00,0,0.00,0,0.00,0,0.00,0,0.00,0.00
M,372,Antony,6.8,6.8,Man Utd,62,3.00,59,3.57,57,2.75,57,2.38,57,2.66,55,3.15,56,2.27,56,2.56,0.00
M,373,B.Fernandes,8.3,8.3,Man Utd,92,4.99,90,6.35,85,4.43,82,3.55,81,4.15,82,5.40,81,3.42,81,4.08,0.16
D,374,B.Williams,4.0,4.0,Man Utd,0,0.00,0,0.00,0,0.00,0,0.00,0,0.00,0,0.00,0,0.00,0,0.00,0.00
D,375,Bailly,4.0,4.0,Man Utd,0,0.00,0,0.00,0,0.00,0,0.00,0,0.00,0,0.00,0,0.00,0,0.00,0.00
M,376,Casemiro,5.4,5.4,Man Utd,42,1.42,73,2.88,84,2.71,83,2.39,83,2.60,81,3.01,80,2.25,80,2.48,0.00
D,377,Dalot,4.9,4.9,Man Utd,89,3.51,77,4.39,61,2.32,58,1.66,58,2.15,56,2.75,56,1.26,55,1.82,0.15
M,378,Elanga,5.0,5.0,Nott'm Forest,73,2.96,78,3.11,67,2.96,64,2.98,61,2.58,57,2.50,53,2.30,53,2.59,0.00
M,379,Eriksen,5.9,5.9,Man Utd,9,0.51,9,0.61,9,0.50,10,0.49,11,0.58,12,0.70,11,0.53,13,0.67,0.00
D,380,Fernandez,4.0,4.0,Man Utd,0,0.00,0,0.00,0,0.00,0,0.00,0,0.00,0,0.00,0,0.00,0,0.00,0.00
M,381,Fred,5.0,5.0,Man Utd,0,0.00,0,0.00,0,0.00,0,0.00,0,0.00,0,0.00,0,0.00,0,0.00,0.00
M,382,Garnacho,4.7,4.7,Man Utd,21,1.23,22,1.56,23,1.32,25,1.24,26,1.42,27,1.74,26,1.27,26,1.38,0.00
M,383,Hannibal,4.4,4.4,Man Utd,17,0.81,16,0.89,17,0.79,18,0.79,20,0.94,21,1.08,21,0.88,20,0.92,0.00
G,384,Heaton,4.0,4.0,Man Utd,0,0.00,0,0.00,0,0.00,0,0.00,0,0.00,0,0.00,0,0.00,0,0.00,0.00
G,385,Henderson,4.5,4.5,Crystal Palace,2,0.09,10,0.42,23,0.97,24,0.88,24,1.04,25,0.87,23,0.75,27,0.97,0.00
D,386,Lindelof,4.5,4.5,Man Utd,32,1.24,33,1.70,30,1.13,33,0.96,33,1.22,33,1.48,34,0.80,34,1.10,0.00
D,387,Maguire,4.2,4.2,Man Utd,75,2.67,74,3.74,70,2.43,66,1.74,66,2.23,68,3.00,64,1.31,65,1.94,0.08
M,388,Mainoo,4.4,4.4,Man Utd,0,0.00,0,0.00,0,0.00,0,0.00,0,0.00,0,0.00,0,0.00,0,0.00,0.00
D,389,Malacia,4.3,4.3,Man Utd,0,0.00,0,0.00,0,0.00,0,0.00,0,0.00,0,0.00,0,0.00,0,0.00,0.00
F,390,Martial,6.5,6.5,Man Utd,14,0.86,16,1.15,17,1.01,17,0.94,19,1.10,19,1.30,18,0.98,19,1.11,0.00
D,391,Martinez,4.7,4.7,Man Utd,0,0.00,0,0.00,0,0.00,0,0.00,0,0.00,0,0.00,0,0.00,0,0.00,0.00
M,392,McTominay,4.8,4.8,Man Utd,26,0.96,16,0.71,13,0.50,16,0.56,16,0.59,17,0.70,18,0.63,18,0.68,0.00
D,393,Mengi,3.9,3.9,Luton,77,1.18,73,1.20,71,2.24,69,1.43,69,1.32,68,0.93,66,1.60,69,1.47,0.00
M,394,Pellistri,4.4,4.4,Man Utd,18,0.97,17,1.09,20,1.07,21,1.02,22,1.15,24,1.43,22,1.03,22,1.14,0.00
D,395,R.Varane,5.0,5.0,Man Utd,87,3.38,82,4.40,78,3.02,77,2.30,74,2.81,74,3.56,76,1.79,74,2.48,0.00
M,396,Rashford,8.7,8.7,Man Utd,82,4.69,79,5.88,78,4.33,77,3.65,74,4.11,73,5.19,73,3.42,72,3.91,0.02
M,397,Sancho,6.7,6.7,Man Utd,0,0.00,0,0.00,0,0.00,0,0.00,0,0.00,0,0.00,0,0.00,0,0.00,0.00
D,398,Shaw,5.2,5.2,Man Utd,0,0.00,14,0.81,76,3.03,80,2.37,80,3.08,79,4.02,78,1.84,76,2.63,0.00
F,399,Shoretire,4.4,4.4,Man Utd,0,0.00,0,0.00,0,0.00,0,0.00,0,0.00,0,0.00,0,0.00,0,0.00,0.00
M,400,Van de Beek,4.8,4.8,Man Utd,0,0.00,0,0.00,0,0.00,1,0.06,0,0.00,0,0.00,0,0.00,0,0.00,0.00
D,401,Wan-Bissaka,4.4,4.4,Man Utd,5,0.20,22,1.17,39,1.51,42,1.25,41,1.52,42,1.97,42,1.00,43,1.41,0.00
M,402,Almirón,6.3,6.3,Newcastle,70,3.26,66,3.73,63,3.08,62,3.19,60,3.00,60,2.68,60,3.48,59,3.35,0.00
M,403,Anderson,4.4,4.4,Newcastle,0,0.00,0,0.00,0,0.00,0,0.00,0,0.00,0,0.00,0,0.00,2,0.13,0.02
D,404,Ashby,4.0,4.0,Newcastle,0,0.00,0,0.00,0,0.00,0,0.00,0,0.00,0,0.00,0,0.00,0,0.00,0.00
D,405,Botman,4.6,4.6,Newcastle,0,0.00,16,0.65,73,2.69,83,3.02,81,3.06,81,2.16,81,3.71,81,3.65,0.11
M,406,Bruno G.,5.8,5.8,Newcastle,68,2.10,68,2.44,72,2.29,75,2.42,75,2.41,77,2.23,76,2.78,77,2.75,0.00
D,407,Burn,4.7,4.6,Newcastle,88,2.84,82,3.41,79,2.96,80,2.95,78,3.00,77,2.09,76,3.54,77,3.54,0.31
G,408,Darlow,4.0,4.0,Newcastle,0,0.00,0,0.00,0,0.00,0,0.00,0,0.00,0,0.00,0,0.00,0,0.00,0.00
G,409,Dubravka,3.9,3.9,Newcastle,0,0.00,2,0.07,3,0.13,3,0.12,3,0.12,3,0.12,3,0.15,4,0.18,0.00
M,410,Fraser,4.9,4.9,Newcastle,0,0.00,0,0.00,0,0.00,0,0.00,0,0.00,0,0.00,0,0.00,0,0.00,0.00
G,411,Gillespie,3.9,3.9,Newcastle,0,0.00,0,0.00,0,0.00,0,0.00,0,0.00,0,0.00,0,0.00,0,0.00,0.00
M,412,Gordon,5.7,5.7,Newcastle,72,3.08,70,3.60,64,2.93,64,3.07,63,2.94,64,2.72,62,3.35,62,3.26,0.11
M,413,Hayden,4.4,4.4,Newcastle,0,0.00,0,0.00,0,0.00,0,0.00,0,0.00,0,0.00,0,0.00,0,0.00,0.00
M,414,Hendrick,4.4,4.4,Newcastle,0,0.00,0,0.00,0,0.00,0,0.00,0,0.00,0,0.00,0,0.00,0,0.00,0.00
F,415,Isak,7.5,7.5,Newcastle,19,1.09,36,2.43,64,3.51,64,3.76,66,3.67,60,3.16,63,4.11,62,3.95,0.00
M,416,Joelinton,5.8,5.8,Newcastle,79,2.72,79,3.25,76,2.75,72,2.72,72,2.67,69,2.35,68,2.89,69,2.91,0.00
D,417,Krafth,4.4,4.4,Newcastle,6,0.19,8,0.33,5,0.18,4,0.16,5,0.19,5,0.16,5,0.22,6,0.23,0.00
M,418,Kuol,4.5,4.5,Newcastle,0,0.00,0,0.00,0,0.00,0,0.00,0,0.00,0,0.00,0,0.00,0,0.00,0.00
D,419,Lascelles,4.0,4.0,Newcastle,73,2.30,59,2.33,23,0.87,18,0.64,21,0.78,20,0.56,20,0.89,22,0.98,0.02
D,420,J.Lewis,4.0,4.0,Newcastle,0,0.00,0,0.00,0,0.00,0,0.00,0,0.00,0,0.00,0,0.00,0,0.00,0.00
M,421,Longstaff,4.9,4.9,Newcastle,73,2.33,66,2.44,66,2.20,63,2.17,62,2.11,63,1.98,63,2.40,62,2.35,0.00
D,422,Manquillo,4.0,4.0,Newcastle,0,0.00,2,0.08,2,0.07,2,0.07,3,0.12,3,0.09,3,0.13,3,0.14,0.00
M,423,J.Murphy,4.8,4.8,Newcastle,18,0.91,23,1.38,31,1.62,32,1.74,32,1.68,33,1.58,32,1.88,33,1.90,0.00
G,424,Pope,5.5,5.5,Newcastle,94,3.55,93,3.78,92,3.65,92,3.61,92,3.69,91,3.25,92,4.00,91,3.91,0.00
M,425,Ritchie,4.4,4.4,Newcastle,18,0.76,16,0.79,13,0.56,10,0.45,12,0.56,13,0.55,13,0.67,13,0.66,0.00
M,426,Saint-Maximin,6.0,6.0,Newcastle,0,0.00,0,0.00,0,0.00,0,0.00,0,0.00,0,0.00,0,0.00,0,0.00,0.00
D,427,Schär,5.2,5.2,Newcastle,91,2.96,87,3.62,84,3.18,82,3.08,82,3.19,81,2.25,81,3.83,78,3.64,0.07
D,428,Targett,4.3,4.3,Newcastle,14,0.54,17,0.78,16,0.66,12,0.48,13,0.54,14,0.47,15,0.70,12,0.56,0.00
M,429,Tonali,5.3,5.3,Newcastle,0,0.00,0,0.00,0,0.00,0,0.00,0,0.00,0,0.00,0,0.00,0,0.00,0.00
D,430,Trippier,7.0,6.9,Newcastle,88,3.45,85,4.35,82,3.72,79,3.62,76,3.56,77,2.58,75,4.36,75,4.19,0.32
D,431,Watts,4.0,4.0,Newcastle,0,0.00,0,0.00,0,0.00,0,0.00,0,0.00,0,0.00,0,0.00,0,0.00,0.00
M,432,Willock,5.3,5.3,Newcastle,46,1.90,52,2.47,51,2.16,51,2.23,50,2.17,51,2.03,51,2.50,51,2.44,0.00
F,433,Wilson,7.8,7.8,Newcastle,76,4.16,65,4.57,54,3.19,52,3.30,52,3.18,53,2.98,54,3.88,53,3.65,0.00
M,434,B.Aguilera,4.5,4.5,Nott'm Forest,0,0.00,0,0.00,0,0.00,0,0.00,0,0.00,0,0.00,0,0.00,0,0.00,0.00
M,435,Arter,4.4,4.4,Nott'm Forest,0,0.00,0,0.00,0,0.00,0,0.00,0,0.00,0,0.00,0,0.00,0,0.00,0.00
D,436,Aurier,4.5,4.5,Nott'm Forest,74,2.29,68,1.99,65,1.93,64,2.62,65,2.21,61,2.13,61,1.80,62,2.62,0.00
F,437,Awoniyi,6.4,6.4,Nott'm Forest,12,0.70,35,1.81,70,3.71,70,3.70,68,3.21,67,3.23,67,3.22,67,3.75,0.00
D,438,Biancone,3.9,3.9,Nott'm Forest,0,0.00,0,0.00,0,0.00,0,0.00,0,0.00,0,0.00,0,0.00,0,0.00,0.00
D,439,Boly,4.5,4.5,Nott'm Forest,82,2.41,74,2.02,65,1.80,65,2.52,63,2.02,62,2.03,58,1.59,61,2.43,0.00
M,440,Bowler,4.5,4.5,Nott'm Forest,0,0.00,0,0.00,0,0.00,0,0.00,0,0.00,0,0.00,0,0.00,0,0.00,0.00
D,441,Cook,4.5,4.5,Nott'm Forest,0,0.00,0,0.00,0,0.00,0,0.00,0,0.00,0,0.00,0,0.00,0,0.00,0.00
M,442,Danilo,5.3,5.3,Nott'm Forest,9,0.38,32,1.19,49,1.82,49,1.89,49,1.77,46,1.71,42,1.54,43,1.72,0.00
F,443,Dennis,4.8,4.8,Nott'm Forest,0,0.00,0,0.00,0,0.00,0,0.00,0,0.00,0,0.00,0,0.00,0,0.00,0.00
D,444,Dräger,4.0,4.0,Nott'm Forest,0,0.00,0,0.00,0,0.00,0,0.00,0,0.00,0,0.00,0,0.00,0,0.00,0.00
D,445,Felipe,4.4,4.4,Nott'm Forest,11,0.32,39,1.00,56,1.44,55,1.99,55,1.63,57,1.73,56,1.40,54,2.00,0.00
M,446,Freuler,4.9,4.9,Nott'm Forest,0,0.00,0,0.00,0,0.00,0,0.00,0,0.00,0,0.00,0,0.00,0,0.00,0.00
M,447,Gibbs-White,5.8,5.8,Nott'm Forest,91,4.30,83,3.78,79,3.95,74,3.83,72,3.33,71,3.30,67,3.12,66,3.64,0.05
G,448,Hennessey,4.0,4.0,Nott'm Forest,0,0.00,0,0.00,0,0.00,0,0.00,0,0.00,0,0.00,0,0.00,0,0.00,0.00
G,449,Horvath,4.3,4.3,Nott'm Forest,0,0.00,0,0.00,0,0.00,0,0.00,0,0.00,0,0.00,0,0.00,0,0.00,0.00
M,450,Johnson,5.8,5.8,Spurs,51,2.64,53,2.99,53,2.99,54,2.08,55,3.26,55,2.88,56,3.03,53,3.21,0.00
M,451,Kouyaté,4.8,4.8,Nott'm Forest,14,0.57,9,0.37,9,0.37,9,0.39,9,0.36,10,0.41,11,0.43,10,0.42,0.00
D,452,Laryea,4.5,4.5,Nott'm Forest,0,0.00,0,0.00,0,0.00,0,0.00,0,0.00,0,0.00,0,0.00,0,0.00,0.00
M,453,Mangala,5.0,5.0,Nott'm Forest,67,2.06,63,1.92,61,1.90,61,1.99,59,1.83,58,1.82,58,1.76,56,1.90,0.00
D,454,Mbe Soh,4.0,4.0,Nott'm Forest,0,0.00,0,0.00,0,0.00,0,0.00,0,0.00,0,0.00,0,0.00,0,0.00,0.00
D,455,McKenna,4.5,4.5,Nott'm Forest,6,0.17,3,0.08,2,0.06,2,0.07,2,0.06,3,0.08,4,0.12,3,0.12,0.00
M,456,Mighten,4.4,4.4,Nott'm Forest,0,0.00,0,0.00,0,0.00,0,0.00,0,0.00,0,0.00,0,0.00,0,0.00,0.00
D,457,Niakhaté,4.5,4.5,Nott'm Forest,54,1.57,59,1.59,64,1.72,62,2.32,65,2.03,64,2.06,63,1.70,62,2.40,0.00
M,458,O'Brien,4.9,4.9,Nott'm Forest,0,0.00,0,0.00,0,0.00,0,0.00,0,0.00,0,0.00,0,0.00,0,0.00,0.00
M,459,Ojeda,4.5,4.5,Nott'm Forest,0,0.00,0,0.00,0,0.00,0,0.00,0,0.00,0,0.00,0,0.00,0,0.00,0.00
D,460,Panzo,4.0,4.0,Nott'm Forest,0,0.00,0,0.00,0,0.00,0,0.00,0,0.00,0,0.00,0,0.00,0,0.00,0.00
D,461,O.Richards,4.4,4.4,Nott'm Forest,0,0.00,0,0.00,0,0.00,0,0.00,0,0.00,0,0.00,0,0.00,0,0.00,0.00
M,462,G.Scarpa,4.5,4.5,Nott'm Forest,0,0.00,0,0.00,0,0.00,0,0.00,0,0.00,0,0.00,0,0.00,0,0.00,0.00
M,463,J.Shelvey,4.8,4.8,Nott'm Forest,0,0.00,0,0.00,0,0.00,0,0.00,0,0.00,0,0.00,0,0.00,0,0.00,0.00
F,464,Surridge,4.5,4.5,Nott'm Forest,0,0.00,0,0.00,0,0.00,0,0.00,0,0.00,0,0.00,0,0.00,0,0.00,0.00
D,465,Toffolo,4.4,4.4,Nott'm Forest,36,1.23,23,0.75,25,0.83,26,1.12,27,0.96,25,0.93,26,0.84,23,1.02,0.00
F,466,Ui-jo,4.4,4.4,Nott'm Forest,0,0.00,0,0.00,0,0.00,0,0.00,0,0.00,0,0.00,0,0.00,0,0.00,0.00
D,467,Williams,4.3,4.3,Nott'm Forest,25,0.78,15,0.43,13,0.39,14,0.51,15,0.47,13,0.42,14,0.41,17,0.70,0.00
F,468,Wood,4.9,4.9,Nott'm Forest,81,3.74,57,2.74,29,1.67,27,1.59,27,1.47,25,1.41,26,1.45,24,1.51,0.00
D,469,Worrall,4.5,4.5,Nott'm Forest,9,0.23,6,0.13,3,0.07,4,0.12,5,0.13,4,0.11,5,0.12,5,0.16,0.00
M,470,Yates,4.9,4.9,Nott'm Forest,28,1.02,21,0.79,21,0.81,22,0.85,24,0.86,23,0.83,24,0.86,24,0.94,0.00
D,471,Ahmedhodžić,4.3,4.3,Sheffield Utd,0,0.00,3,0.05,57,1.78,83,2.04,80,1.18,77,2.06,75,1.11,73,1.04,0.00
G,472,Amissah,3.9,3.9,Sheffield Utd,0,0.00,0,0.00,0,0.00,0,0.00,0,0.00,0,0.00,0,0.00,0,0.00,0.00
D,473,Baldock,3.8,3.8,Sheffield Utd,52,1.94,56,1.09,53,2.00,50,1.53,51,1.03,51,1.68,50,1.00,51,0.99,0.06
D,474,Basham,4.0,4.0,Sheffield Utd,0,0.00,0,0.00,0,0.00,0,0.00,0,0.00,0,0.00,0,0.00,0,0.00,0.00
M,475,Berge,4.8,4.8,Burnley,66,2.39,62,1.86,62,2.22,63,2.63,59,2.04,59,1.89,59,2.15,60,2.02,0.00
D,476,Bogle,4.5,4.5,Sheffield Utd,52,2.00,55,1.14,49,1.89,48,1.55,48,1.05,48,1.65,50,1.05,47,0.99,0.00
F,477,Brewster,4.9,4.9,Sheffield Utd,46,2.22,32,1.42,33,1.75,35,1.62,34,1.49,34,1.63,35,1.42,36,1.51,0.00
M,478,Coulibaly,4.4,4.4,Sheffield Utd,6,0.26,8,0.31,7,0.29,6,0.25,8,0.31,9,0.33,9,0.34,10,0.38,0.00
G,479,A.Davies,4.0,4.0,Sheffield Utd,2,0.06,2,0.06,3,0.10,3,0.10,3,0.11,4,0.15,5,0.16,5,0.15,0.00
D,480,Egan,4.4,4.4,Sheffield Utd,0,0.00,0,0.00,0,0.00,0,0.00,0,0.00,0,0.00,0,0.00,6,0.10,0.00
M,481,Fleck,4.9,4.9,Sheffield Utd,37,1.46,44,1.47,42,1.61,40,1.45,41,1.39,42,1.54,42,1.37,42,1.37,0.00
G,482,Foderingham,4.5,4.5,Sheffield Utd,93,3.49,93,3.05,92,3.45,92,3.18,92,3.00,91,3.22,90,2.94,90,2.93,0.00
F,483,Jebbison,4.8,4.8,Sheffield Utd,0,0.00,0,0.00,0,0.00,0,0.00,0,0.00,0,0.00,0,0.00,0,0.00,0.00
D,484,Lowe,4.4,4.4,Sheffield Utd,0,0.00,0,0.00,0,0.00,0,0.00,0,0.00,0,0.00,0,0.00,0,0.00,0.00
F,485,McBurnie,5.4,5.4,Sheffield Utd,47,2.16,68,2.46,66,2.92,66,2.56,66,2.39,65,2.62,63,2.10,64,2.25,0.00
F,486,Ndiaye,5.5,5.5,Sheffield Utd,0,0.00,0,0.00,0,0.00,0,0.00,0,0.00,0,0.00,0,0.00,0,0.00,0.00
D,487,Norrington-Davies,3.9,3.9,Sheffield Utd,0,0.00,0,0.00,0,0.00,0,0.00,0,0.00,0,0.00,0,0.00,0,0.00,0.00
M,488,Norwood,4.8,4.8,Sheffield Utd,77,2.57,74,2.10,64,2.20,59,1.87,61,1.78,60,1.95,60,1.67,61,1.75,0.00
M,489,Osborn,4.8,4.8,Sheffield Utd,24,1.03,28,1.05,28,1.19,28,1.12,30,1.10,32,1.27,32,1.12,33,1.17,0.00
F,490,Osula,4.3,4.3,Sheffield Utd,0,0.00,0,0.00,0,0.00,0,0.00,0,0.00,0,0.00,0,0.00,0,0.00,0.03
G,491,Austin,3.9,3.9,Spurs,0,0.00,0,0.00,0,0.00,0,0.00,0,0.00,0,0.00,0,0.00,0,0.00,0.00
M,492,Bentancur,5.4,5.4,Spurs,11,0.43,17,0.68,16,0.64,18,0.61,18,0.75,18,0.68,19,0.74,18,0.76,0.00
M,493,Bissouma,5.0,5.0,Spurs,80,2.38,58,1.99,63,2.08,64,1.73,66,2.24,67,2.10,67,2.18,69,2.37,0.00
M,494,Bryan,4.9,4.9,Spurs,15,0.83,18,1.12,19,1.23,20,0.93,21,1.38,22,1.25,22,1.29,22,1.43,0.00
D,495,Davies,4.3,4.3,Spurs,17,0.67,20,0.88,23,0.94,28,0.71,29,1.28,32,1.25,30,1.32,29,1.40,0.00
D,496,Dier,4.2,4.2,Spurs,7,0.22,13,0.51,17,0.59,19,0.38,24,0.94,24,0.83,27,1.04,27,1.13,0.00
D,497,E.Royal,4.4,4.4,Spurs,13,0.50,16,0.71,18,0.74,21,0.53,22,0.99,22,0.90,24,1.07,24,1.15,0.00
G,498,Forster,3.9,3.9,Spurs,2,0.06,2,0.08,3,0.12,3,0.10,4,0.15,5,0.18,4,0.16,4,0.17,0.00
M,499,Højbjerg,5.2,5.2,Spurs,21,0.71,33,1.15,30,1.04,29,0.85,30,1.09,28,0.95,28,0.98,29,1.05,0.00
F,500,Kane,12.5,12.5,Spurs,0,0.00,0,0.00,0,0.00,0,0.00,0,0.00,0,0.00,0,0.00,0,0.00,0.00
M,501,Kulusevski,7.0,7.0,Spurs,76,3.32,73,3.55,71,3.45,72,2.43,70,3.57,70,3.16,69,3.23,67,3.44,0.00
G,502,Lloris,4.8,4.8,Spurs,0,0.00,0,0.00,0,0.00,0,0.00,0,0.00,0,0.00,0,0.00,0,0.00,0.00
M,503,Lo Celso,4.8,4.8,Spurs,8,0.49,13,0.74,13,0.74,13,0.59,15,0.92,16,0.91,17,0.96,16,1.00,0.00
M,504,Maddison,8.1,8.0,Spurs,87,4.52,83,4.92,82,4.83,81,3.06,79,5.03,78,4.26,78,4.44,77,4.91,0.31
M,505,Ndombele,4.4,4.4,Spurs,0,0.00,0,0.00,0,0.00,0,0.00,0,0.00,0,0.00,0,0.00,0,0.00,0.00
D,506,Pedro Porro,5.2,5.2,Spurs,83,3.33,80,3.71,78,3.32,76,1.64,75,3.53,73,2.98,72,3.30,73,3.75,0.17
D,507,Perišić,4.8,4.8,Spurs,0,0.00,0,0.00,0,0.00,0,0.00,0,0.00,0,0.00,0,0.00,0,0.00,0.00
D,508,Reguilón,4.4,4.4,Man Utd,80,3.40,63,3.77,15,0.63,11,0.41,12,0.50,13,0.68,14,0.43,15,0.57,0.00
M,509,Richarlison,6.7,6.7,Spurs,57,3.52,57,3.97,58,4.03,56,2.50,56,4.11,56,3.58,57,3.75,55,4.07,0.01
D,510,Rodon,4.0,4.0,Spurs,0,0.00,0,0.00,0,0.00,0,0.00,0,0.00,0,0.00,0,0.00,0,0.00,0.00
D,511,Romero,4.9,4.9,Spurs,91,2.92,86,3.15,84,2.75,82,1.35,79,2.90,78,2.52,77,2.86,76,3.13,0.00
D,512,Sánchez,4.4,4.4,Spurs,0,0.00,0,0.00,0,0.00,0,0.00,0,0.00,0,0.00,0,0.00,0,0.00,0.00
M,513,Sarr,4.6,4.6,Spurs,72,2.72,70,2.91,68,2.77,65,2.02,63,2.74,63,2.46,62,2.54,60,2.65,0.00
D,514,Sessegnon,4.4,4.4,Spurs,0,0.00,0,0.00,0,0.00,0,0.00,0,0.00,0,0.00,0,0.00,0,0.00,0.00
M,515,Skipp,4.6,4.6,Spurs,7,0.25,12,0.42,13,0.47,14,0.44,13,0.48,15,0.51,13,0.47,15,0.55,0.00
M,516,Son,9.6,9.5,Spurs,83,5.05,80,5.57,79,5.47,79,3.46,77,5.68,77,4.86,77,5.08,77,5.72,0.85
D,517,Spence,4.0,4.0,Spurs,0,0.00,0,0.00,0,0.00,0,0.00,0,0.00,0,0.00,0,0.00,0,0.00,0.00
D,518,Tanganga,4.0,4.0,Spurs,0,0.00,0,0.00,0,0.00,0,0.00,0,0.00,0,0.00,0,0.00,0,0.00,0.00
D,519,Udogie,4.9,4.9,Spurs,80,3.12,78,3.49,74,3.04,69,1.51,68,3.08,69,2.73,69,3.09,68,3.39,0.21
G,520,Vicario,5.2,5.2,Spurs,93,3.56,93,3.67,92,3.44,92,3.02,91,3.56,90,3.42,90,3.61,90,3.70,0.00
G,521,Whiteman,3.9,3.9,Spurs,0,0.00,0,0.00,0,0.00,0,0.00,0,0.00,0,0.00,0,0.00,0,0.00,0.00
D,522,N.Aguerd,4.5,4.5,West Ham,89,2.60,85,3.44,81,2.86,81,3.41,80,1.72,80,2.66,80,3.35,78,2.39,0.00
F,523,Antonio,5.8,5.8,West Ham,67,3.04,63,3.42,59,3.01,60,3.10,58,2.53,57,2.81,57,3.23,57,2.75,0.00
G,524,Areola,4.3,4.2,West Ham,93,3.40,91,3.71,90,3.48,90,3.77,88,3.00,87,3.32,87,3.56,87,3.16,0.78
M,525,Benrahma,5.7,5.7,West Ham,33,1.81,32,2.10,33,1.97,33,2.05,31,1.64,34,1.96,31,2.11,34,1.92,0.00
M,526,Bowen,7.4,7.4,West Ham,85,3.86,81,4.61,79,4.13,77,4.19,77,3.31,77,3.82,76,4.49,77,3.77,0.32
M,527,Cornet,5.3,5.3,West Ham,6,0.38,7,0.50,9,0.55,10,0.61,10,0.53,11,0.61,13,0.80,11,0.62,0.00
D,528,Coufal,4.6,4.6,West Ham,83,2.42,81,3.24,78,2.73,75,3.12,75,1.61,75,2.46,73,3.01,72,2.19,0.00
M,529,Coventry,4.4,4.4,West Ham,3,0.11,3,0.12,4,0.16,4,0.16,4,0.15,5,0.20,5,0.19,5,0.19,0.00
D,530,Cresswell,4.2,4.2,West Ham,8,0.23,11,0.42,12,0.41,14,0.56,15,0.38,14,0.49,15,0.62,15,0.51,0.00
M,531,Downes,5.0,5.0,West Ham,0,0.00,0,0.00,0,0.00,0,0.00,0,0.00,0,0.00,0,0.00,0,0.00,0.00
D,532,Emerson,4.5,4.5,West Ham,85,2.57,82,3.41,80,2.91,78,3.39,77,1.75,78,2.69,77,3.32,76,2.41,0.00
G,533,Fabianski,4.3,4.3,West Ham,2,0.08,3,0.14,5,0.19,5,0.20,7,0.23,8,0.29,8,0.34,8,0.28,0.00
M,534,P.Fornals,4.7,4.7,West Ham,19,0.99,21,1.20,22,1.18,22,1.19,23,1.10,22,1.17,24,1.39,25,1.25,0.00
F,535,Ings,5.7,5.7,West Ham,22,1.29,23,1.53,25,1.53,24,1.50,26,1.37,25,1.49,24,1.63,25,1.49,0.00
D,536,Johnson,4.4,4.4,West Ham,6,0.16,8,0.27,10,0.32,10,0.39,11,0.26,12,0.39,14,0.56,14,0.44,0.00
D,537,Kehrer,4.3,4.3,West Ham,18,0.54,20,0.76,20,0.69,24,1.00,22,0.54,24,0.82,24,0.99,26,0.82,0.00
F,538,Mubama,4.3,4.3,West Ham,2,0.11,3,0.18,4,0.24,4,0.26,5,0.26,6,0.31,5,0.30,5,0.27,0.07
M,539,L.Paquetá,6.0,6.0,West Ham,61,2.50,63,3.14,63,2.87,65,3.10,64,2.45,63,2.77,64,3.31,65,2.77,0.00
M,540,Rice,5.4,5.4,Arsenal,88,2.53,83,3.03,79,2.45,77,2.76,77,2.73,77,2.29,76,2.51,75,2.08,0.00
F,541,Scamacca,6.0,6.0,West Ham,0,0.00,0,0.00,0,0.00,0,0.00,0,0.00,0,0.00,0,0.00,0,0.00,0.00
M,542,Souček,4.9,4.9,West Ham,77,2.50,76,2.83,74,2.60,74,2.72,73,2.25,73,2.49,72,2.71,69,2.34,0.00
M,543,Vlašić,4.5,4.5,West Ham,0,0.00,0,0.00,0,0.00,0,0.00,0,0.00,0,0.00,0,0.00,0,0.00,0.00
D,544,Zouma,4.5,4.5,West Ham,89,2.63,85,3.50,82,2.93,82,3.52,82,1.79,78,2.64,78,3.33,78,2.43,0.01
D,545,Aït-Nouri,4.5,4.5,Wolves,69,3.10,65,1.92,60,2.17,59,1.41,59,2.75,57,2.67,53,1.64,55,1.87,0.00
G,546,Bentley,3.9,3.9,Wolves,2,0.07,3,0.10,4,0.13,3,0.12,4,0.15,4,0.18,5,0.16,4,0.15,0.00
D,547,Bolla,4.0,4.0,Wolves,0,0.00,0,0.00,0,0.00,0,0.00,0,0.00,0,0.00,0,0.00,0,0.00,0.00
D,548,H.Bueno,4.4,4.4,Wolves,3,0.16,10,0.37,17,0.69,20,0.61,20,0.95,19,0.92,22,0.80,21,0.80,0.00
M,549,Chiquinho,4.5,4.5,Wolves,0,0.00,0,0.00,0,0.00,0,0.00,0,0.00,0,0.00,0,0.00,0,0.00,0.00
M,550,Cundle,4.5,4.5,Wolves,0,0.00,0,0.00,0,0.00,0,0.00,0,0.00,0,0.00,0,0.00,0,0.00,0.00
D,551,Dawson,4.5,4.5,Wolves,92,3.40,89,2.00,85,2.48,81,1.43,81,3.16,81,3.16,80,1.91,81,2.20,0.00
F,552,Fábio Silva,5.3,5.3,Wolves,31,1.75,32,1.59,32,1.62,33,1.42,33,1.92,35,1.92,35,1.67,36,1.64,0.00
D,553,Giles,4.4,4.4,Luton,36,0.84,43,0.97,44,1.72,40,1.12,42,1.07,61,1.06,36,1.17,37,1.05,0.00
M,554,Guedes,5.4,5.4,Wolves,0,0.00,0,0.00,0,0.00,0,0.00,0,0.00,0,0.00,0,0.00,0,0.00,0.00
M,555,Hodge,4.4,4.4,Wolves,0,0.00,0,0.00,0,0.00,0,0.00,0,0.00,0,0.00,0,0.00,0,0.00,0.00
D,556,Hoever,4.0,4.0,Wolves,0,0.00,0,0.00,0,0.00,0,0.00,0,0.00,0,0.00,0,0.00,0,0.00,0.00
M,557,Hee Chan,5.4,5.4,Wolves,72,4.00,70,3.24,69,3.26,67,2.55,67,3.83,65,3.58,64,2.86,64,2.83,0.00
F,558,Raúl,5.3,5.3,Fulham,62,2.83,61,2.57,58,3.07,59,2.31,56,2.92,56,2.79,58,2.26,56,3.00,0.00
M,559,João Gomes,4.9,4.9,Wolves,73,2.22,68,1.88,63,1.84,60,1.62,59,1.89,59,1.89,56,1.62,57,1.66,0.00
D,560,J.Otto,4.4,4.4,Wolves,11,0.43,14,0.43,14,0.48,16,0.41,17,0.74,18,0.78,18,0.55,19,0.63,0.00
M,561,Jordão,4.4,4.4,Wolves,4,0.19,2,0.08,3,0.15,3,0.12,3,0.16,3,0.16,3,0.15,5,0.20,0.00
F,562,Kalajdžić,4.9,4.9,Wolves,9,0.61,11,0.66,12,0.68,13,0.65,14,0.92,14,0.90,15,0.82,16,0.85,0.00
D,563,Kilman,4.5,4.5,Wolves,91,3.34,86,1.93,85,2.44,83,1.43,81,3.08,80,3.07,80,1.86,78,2.10,0.00
G,564,King,4.0,4.0,Wolves,0,0.00,0,0.00,0,0.00,0,0.00,0,0.00,0,0.00,0,0.00,0,0.00,0.00
M,565,Lemina,4.9,4.9,Wolves,60,1.91,69,1.89,67,1.91,70,1.75,70,2.19,70,2.16,71,1.91,72,1.95,0.00
M,566,Matheus N.,5.0,5.0,Man City,27,1.43,31,1.31,33,1.48,34,1.61,37,1.60,36,1.82,36,1.76,0,0.00,0.00
M,567,Neto,5.8,5.8,Wolves,83,3.96,82,3.29,78,3.20,76,2.57,74,3.69,74,3.52,72,2.84,71,2.81,0.06
M,568,Podence,5.3,5.3,Wolves,0,0.00,0,0.00,0,0.00,0,0.00,0,0.00,0,0.00,0,0.00,0,0.00,0.00
G,569,José Sá,5.0,5.0,Wolves,93,3.75,92,3.16,91,3.35,91,3.02,91,3.69,91,3.69,91,3.15,91,3.20,0.00
M,570,Sarabia,4.8,4.8,Wolves,34,2.02,32,1.62,35,1.79,35,1.50,38,2.24,39,2.23,41,1.92,40,1.88,0.00
G,571,Šarkić,4.0,4.0,Wolves,0,0.00,0,0.00,0,0.00,0,0.00,0,0.00,0,0.00,0,0.00,0,0.00,0.00
D,572,N.Semedo,4.5,4.5,Wolves,69,2.64,72,1.72,74,2.21,74,1.34,75,2.94,77,3.01,76,1.83,77,2.12,0.00
D,573,Toti,4.4,4.4,Wolves,69,2.54,68,1.52,65,1.86,66,1.16,67,2.54,66,2.51,66,1.56,65,1.76,0.00
M,574,Boubacar Traore,4.4,4.4,Wolves,32,1.04,22,0.71,25,0.79,25,0.73,24,0.82,27,0.92,27,0.82,25,0.78,0.00
D,575,Lockyer,4.3,4.3,Luton,89,1.38,84,1.38,83,2.69,81,1.72,80,1.55,80,1.09,80,1.99,80,1.73,0.00
D,576,Robinson,4.4,4.4,Sheffield Utd,91,2.73,86,1.20,84,2.53,81,1.95,79,1.16,80,2.10,79,1.17,76,1.08,0.00
D,577,Ogbonna,4.4,4.4,West Ham,2,0.09,6,0.23,9,0.32,9,0.35,9,0.23,10,0.35,11,0.45,12,0.38,0.00
M,578,Nelson,4.9,4.9,Arsenal,8,0.49,9,0.67,7,0.47,9,0.62,9,0.61,9,0.54,10,0.69,9,0.53,0.00
G,579,Lonergan,4.0,4.0,Everton,0,0.00,0,0.00,0,0.00,0,0.00,0,0.00,0,0.00,0,0.00,0,0.00,0.00
G,580,Karius,3.9,3.9,Newcastle,0,0.00,0,0.00,0,0.00,0,0.00,0,0.00,0,0.00,0,0.00,0,0.00,0.00
D,581,Dummett,3.9,3.9,Newcastle,9,0.27,9,0.32,4,0.14,2,0.08,3,0.11,3,0.10,3,0.15,4,0.18,0.00
M,582,Mpanzu,4.8,4.8,Luton,77,2.11,74,1.97,68,2.10,55,1.62,66,1.85,49,1.38,42,1.34,44,1.34,0.00
M,583,Solomon,5.2,5.2,Spurs,0,0.00,0,0.00,0,0.00,0,0.00,0,0.00,0,0.00,0,0.00,3,0.23,0.00
D,584,Pau,4.5,4.5,Aston Villa,89,3.29,86,3.56,85,1.95,83,2.95,83,1.90,82,2.40,83,2.58,83,4.09,0.03
D,585,J.Timber,4.6,4.6,Arsenal,0,0.00,0,0.00,0,0.00,0,0.00,0,0.00,0,0.00,0,0.00,0,0.00,0.00
M,586,Chong,4.9,4.9,Luton,36,1.48,37,1.45,37,1.67,36,1.47,37,1.45,36,1.34,34,1.47,34,1.41,0.00
M,587,Slimane,4.7,4.7,Sheffield Utd,26,1.06,25,0.93,24,0.99,21,0.84,21,0.82,23,0.94,25,0.88,26,0.95,0.00
D,588,Young,4.4,4.4,Everton,77,2.32,72,2.51,67,2.17,65,2.39,63,2.05,60,1.99,63,2.31,61,1.40,0.00
M,589,Ângelo,5.0,5.0,Chelsea,0,0.00,0,0.00,0,0.00,0,0.00,0,0.00,0,0.00,0,0.00,0,0.00,0.00
F,590,Cunha,5.5,5.5,Wolves,73,3.77,70,3.09,70,3.10,68,2.49,69,3.65,68,3.46,67,2.84,66,2.76,0.00
M,591,Willian,5.3,5.3,Fulham,74,3.24,72,2.92,72,3.73,69,2.58,67,3.44,69,3.35,68,2.59,66,3.53,0.00
D,592,Larouci,4.4,4.4,Sheffield Utd,5,0.22,9,0.26,7,0.31,8,0.30,10,0.28,11,0.40,11,0.32,11,0.32,0.00
F,593,T.Bénie,5.2,5.2,Sheffield Utd,12,0.61,12,0.54,12,0.63,13,0.64,13,0.60,14,0.66,14,0.62,16,0.68,0.00
F,594,Amdouni,5.4,5.4,Burnley,39,2.13,40,1.71,40,2.22,38,2.54,39,2.00,38,1.88,39,2.17,37,1.88,0.00
D,595,Kerkez,4.5,4.5,Bournemouth,75,1.05,73,1.91,72,2.95,71,2.13,68,2.29,67,1.53,66,3.17,65,2.23,0.00
G,596,Trafford,4.5,4.5,Burnley,94,3.63,92,2.99,92,3.33,90,3.80,90,3.24,90,2.97,89,3.44,89,3.15,0.01
G,597,Onana,4.8,4.8,Man Utd,94,3.74,93,4.33,92,3.64,91,3.26,91,3.58,91,3.90,91,3.08,90,3.30,0.02
D,598,Doherty,4.3,4.3,Wolves,45,2.10,43,1.33,46,1.68,48,1.13,45,2.17,45,2.14,49,1.51,48,1.64,0.00
M,599,Diaby,6.7,6.7,Aston Villa,78,4.15,78,4.62,75,3.43,74,4.01,73,3.01,72,3.39,72,3.54,70,4.90,0.21
M,600,Redmond,4.8,4.8,Burnley,8,0.45,8,0.38,8,0.47,9,0.57,10,0.52,11,0.56,10,0.55,12,0.65,0.00
M,601,Danjuma,5.4,5.4,Everton,25,1.70,27,1.64,28,1.74,29,1.78,30,1.79,30,1.76,29,1.87,30,1.59,0.00
D,602,Kaboré,4.0,4.0,Luton,86,1.43,80,1.45,78,2.71,76,1.77,74,1.60,0,0.00,74,2.02,69,1.70,0.10
M,603,Barnes,6.2,6.2,Newcastle,0,0.00,0,0.00,0,0.00,0,0.00,0,0.00,0,0.00,0,0.00,0,0.00,0.00
D,604,Aina,4.5,4.5,Nott'm Forest,55,1.73,43,1.32,40,1.25,39,1.61,37,1.29,39,1.39,39,1.19,39,1.63,0.00
M,605,Koleosho,5.0,5.0,Burnley,49,2.38,46,1.76,45,2.17,44,2.57,42,1.94,43,1.83,43,2.12,41,1.83,0.00
D,606,Igor,4.3,4.3,Brighton,73,2.21,53,2.44,49,1.65,47,1.14,46,1.65,45,1.83,45,0.95,48,1.56,0.00
G,607,Radu,4.4,4.4,Bournemouth,94,3.12,92,3.19,31,1.26,3,0.10,4,0.16,5,0.17,6,0.27,7,0.26,0.00
M,608,Bruun Larsen,4.9,4.9,Burnley,35,1.73,34,1.37,31,1.54,31,1.81,32,1.50,30,1.35,31,1.56,30,1.38,0.00
M,609,Maatsen,5.2,5.2,Chelsea,12,0.42,15,0.48,15,0.50,16,0.62,14,0.48,15,0.51,14,0.59,11,0.39,0.00
D,610,Bassey,4.4,4.4,Fulham,88,2.33,76,1.67,60,2.28,62,0.98,62,2.42,60,1.90,63,1.35,61,2.32,0.00
D,611,Disasi,5.1,5.1,Chelsea,47,1.40,48,1.38,46,1.42,50,1.80,51,1.56,55,2.14,52,2.80,49,1.98,0.00
M,613,Ugochukwu,4.4,4.4,Chelsea,23,0.87,26,0.93,26,0.94,27,1.04,26,0.94,29,1.06,28,1.20,26,0.99,0.00
G,614,Kaminski,4.5,4.5,Luton,93,3.00,91,2.96,90,3.38,90,2.98,88,2.90,88,2.83,87,2.98,88,2.88,0.01
M,615,Matheus França,4.9,4.9,Crystal Palace,33,1.43,30,1.36,28,1.28,26,1.11,25,1.20,24,1.01,21,0.82,22,1.00,0.00
D,616,Gvardiol,5.0,5.0,Man City,77,4.23,73,2.74,68,2.76,70,3.13,70,2.82,69,3.79,69,3.89,0,0.00,0.03
F,617,Højlund,7.1,7.1,Man Utd,76,3.76,74,4.45,72,3.46,72,3.04,70,3.31,70,4.04,71,2.97,71,3.31,0.01
M,618,Kellyman,4.5,4.5,Aston Villa,0,0.00,1,0.09,1,0.07,2,0.13,2,0.10,2,0.10,1,0.08,1,0.07,0.00
D,619,Greenwood,4.0,4.0,Bournemouth,0,0.00,0,0.00,0,0.00,0,0.00,0,0.00,0,0.00,0,0.00,0,0.00,0.00
M,620,Olakigbe,4.5,4.5,Brentford,0,0.00,1,0.07,2,0.09,1,0.08,1,0.06,1,0.06,0,0.00,0,0.00,0.00
M,621,Hinshelwood,4.5,4.5,Brighton,8,0.39,11,0.55,10,0.47,14,0.57,12,0.57,14,0.69,12,0.51,14,0.61,0.00
D,622,Dodgson,4.0,4.0,Burnley,0,0.00,0,0.00,0,0.00,0,0.00,0,0.00,0,0.00,0,0.00,0,0.00,0.00
F,623,Burstow,4.5,4.5,Chelsea,0,0.00,0,0.00,0,0.00,0,0.00,0,0.00,0,0.00,0,0.00,0,0.00,0.00
M,624,Dobbin,4.5,4.5,Everton,6,0.36,9,0.46,10,0.48,11,0.51,11,0.51,13,0.56,13,0.60,14,0.59,0.00
D,625,De Fougerolles,4.0,4.0,Fulham,2,0.06,2,0.05,0,0.00,2,0.03,2,0.06,2,0.06,3,0.06,3,0.10,0.00
D,626,Quansah,4.0,4.0,Liverpool,0,0.00,2,0.05,3,0.05,4,0.11,4,0.13,4,0.13,5,0.14,5,0.13,0.00
M,627,Clark,4.5,4.5,Liverpool,0,0.00,0,0.00,0,0.00,0,0.00,0,0.00,0,0.00,0,0.00,0,0.00,0.00
M,628,Doak,4.4,4.4,Liverpool,0,0.00,0,0.00,0,0.00,0,0.00,0,0.00,0,0.00,0,0.00,0,0.00,0.00
M,629,McConnell,4.5,4.5,Liverpool,0,0.00,0,0.00,0,0.00,0,0.00,0,0.00,0,0.00,0,0.00,0,0.00,0.00
M,630,Barkley,4.9,4.9,Luton,27,1.17,27,1.11,24,1.17,22,1.01,24,1.06,22,0.91,17,0.83,18,0.82,0.00
F,631,Brown,4.9,4.9,Luton,55,2.09,52,1.86,52,2.14,53,1.98,52,1.89,50,1.71,53,2.08,53,1.97,0.00
M,632,Forson,4.4,4.4,Man Utd,0,0.00,0,0.00,0,0.00,0,0.00,0,0.00,0,0.00,0,0.00,0,0.00,0.00
D,633,Livramento,4.4,4.4,Newcastle,23,0.89,21,0.95,20,0.84,20,0.87,21,0.91,22,0.77,22,1.15,23,1.14,0.00
D,634,A.Murphy,3.9,3.9,Newcastle,0,0.00,0,0.00,0,0.00,0,0.00,0,0.00,0,0.00,0,0.00,0,0.00,0.00
M,635,Miley,4.5,4.5,Newcastle,0,0.00,0,0.00,8,0.41,4,0.22,4,0.26,4,0.24,4,0.29,5,0.29,0.00
G,636,G.Shelvey,4.0,4.0,Nott'm Forest,0,0.00,0,0.00,0,0.00,0,0.00,0,0.00,0,0.00,0,0.00,0,0.00,0.00
D,637,Powell,4.0,4.0,Nott'm Forest,0,0.00,0,0.00,0,0.00,0,0.00,0,0.00,0,0.00,0,0.00,0,0.00,0.00
M,638,Vini Souza,5.0,5.0,Sheffield Utd,90,2.27,78,1.79,73,1.92,69,1.74,68,1.60,69,1.76,69,1.58,70,1.61,0.00
D,639,Van de Ven,4.7,4.7,Spurs,90,2.85,87,3.10,85,2.68,83,1.38,81,2.85,80,2.52,79,2.83,79,3.10,0.00
F,640,Scarlett,4.5,4.5,Spurs,0,0.00,0,0.00,0,0.00,0,0.00,0,0.00,0,0.00,0,0.00,0,0.00,0.00
F,641,Veliz,5.4,5.4,Spurs,3,0.17,5,0.27,5,0.30,6,0.30,7,0.36,6,0.33,6,0.33,8,0.39,0.00
M,642,Álvarez,5.0,5.0,West Ham,63,1.77,66,2.07,69,2.06,70,2.16,72,1.89,71,2.03,70,2.22,72,2.03,0.00
D,643,Aarons,4.5,4.5,Bournemouth,66,0.83,68,1.65,65,2.52,63,1.77,62,1.94,60,1.26,57,2.62,58,1.85,0.00
M,644,Scott,4.9,4.9,Bournemouth,25,0.89,24,0.94,23,1.00,25,0.99,27,1.02,28,1.03,28,1.23,29,1.09,0.00
F,645,Y. Chermiti,4.9,4.9,Everton,3,0.27,5,0.32,5,0.36,6,0.38,6,0.41,6,0.40,6,0.42,7,0.41,0.00
G,646,Hein,4.0,4.0,Arsenal,0,0.00,0,0.00,3,0.10,0,0.00,0,0.00,0,0.00,0,0.00,0,0.00,0.00
G,647,Anang,4.0,4.0,West Ham,0,0.00,0,0.00,0,0.00,0,0.00,0,0.00,0,0.00,0,0.00,0,0.00,0.00
D,648,Francis-Clarke,4.0,4.0,Luton,0,0.00,0,0.00,0,0.00,0,0.00,0,0.00,0,0.00,0,0.00,0,0.00,0.00
F,649,Cannon,4.5,4.5,Everton,0,0.00,0,0.00,0,0.00,0,0.00,0,0.00,0,0.00,0,0.00,0,0.00,0.00
M,650,Onyango,4.5,4.5,Everton,0,0.00,0,0.00,0,0.00,0,0.00,1,0.06,0,0.00,0,0.00,1,0.08,0.00
F,651,Stansfield,4.5,4.5,Fulham,0,0.00,0,0.00,0,0.00,0,0.00,0,0.00,0,0.00,0,0.00,0,0.00,0.00
M,652,Dibley-Dias,4.5,4.5,Fulham,0,0.00,0,0.00,0,0.00,0,0.00,0,0.00,0,0.00,0,0.00,0,0.00,0.00
D,653,Seriki,4.0,4.0,Sheffield Utd,0,0.00,0,0.00,0,0.00,0,0.00,0,0.00,0,0.00,0,0.00,0,0.00,0.00
F,654,Marsh,4.5,4.5,Sheffield Utd,0,0.00,0,0.00,0,0.00,0,0.00,0,0.00,0,0.00,0,0.00,0,0.00,0.00
M,655,Brooks,4.5,4.5,Sheffield Utd,0,0.00,0,0.00,0,0.00,0,0.00,0,0.00,0,0.00,0,0.00,0,0.00,0.00
F,656,Hackford,4.5,4.5,Sheffield Utd,0,0.00,0,0.00,0,0.00,0,0.00,0,0.00,1,0.09,1,0.09,0,0.00,0.00
M,657,Rak-Sakyi,4.5,4.5,Crystal Palace,11,0.57,11,0.62,11,0.59,10,0.51,10,0.58,10,0.50,8,0.36,8,0.45,0.00
F,658,Gordon,4.5,4.5,Crystal Palace,0,0.00,0,0.00,0,0.00,0,0.00,0,0.00,0,0.00,0,0.00,0,0.00,0.00
G,659,Bergström,4.0,4.0,Chelsea,0,0.00,0,0.00,0,0.00,0,0.00,0,0.00,0,0.00,0,0.00,0,0.00,0.00
M,660,Odobert,5.0,5.0,Burnley,30,1.51,31,1.30,28,1.45,31,1.79,30,1.41,30,1.34,29,1.49,31,1.41,0.00
M,661,Harrison,5.5,5.5,Everton,70,3.22,66,2.80,66,2.84,65,2.84,63,2.67,61,2.58,62,2.81,62,2.39,0.00
M,662,Adama,4.9,4.9,Fulham,8,0.44,18,0.87,21,1.22,22,1.01,24,1.33,23,1.26,23,1.07,24,1.36,0.00
M,663,Hamer,5.0,5.0,Sheffield Utd,85,2.71,83,2.23,78,2.53,77,2.30,75,2.07,75,2.29,72,1.90,72,1.96,0.00
M,664,Ward-Prowse,6.3,6.3,West Ham,80,3.15,77,3.70,77,3.42,74,3.44,76,2.81,73,3.07,75,3.74,72,2.99,0.02
G,665,Krul,4.5,4.5,Luton,2,0.07,4,0.13,5,0.18,5,0.17,6,0.21,7,0.22,8,0.27,7,0.24,0.00
M,666,T.Davies,5.0,5.0,Sheffield Utd,0,0.00,0,0.00,0,0.00,0,0.00,0,0.00,0,0.00,0,0.00,0,0.00,0.00
M,667,Lavia,4.9,4.9,Chelsea,0,0.00,0,0.00,0,0.00,0,0.00,0,0.00,0,0.00,0,0.00,0,0.00,0.00
M,668,Endo,5.4,5.4,Liverpool,11,0.45,13,0.54,13,0.40,11,0.47,13,0.56,14,0.52,14,0.54,16,0.56,0.00
G,669,Vítek,4.0,4.0,Man Utd,0,0.00,0,0.00,0,0.00,0,0.00,0,0.00,0,0.00,0,0.00,0,0.00,0.00
G,670,Marschall,4.0,4.0,Aston Villa,0,0.00,0,0.00,0,0.00,0,0.00,0,0.00,0,0.00,0,0.00,0,0.00,0.00
D,671,Humphreys,4.0,4.0,Chelsea,0,0.00,0,0.00,0,0.00,0,0.00,0,0.00,0,0.00,0,0.00,0,0.00,0.00
M,672,Zaniolo,5.5,5.5,Aston Villa,45,2.26,14,0.80,14,0.67,0,0.00,0,0.00,0,0.00,0,0.00,0,0.00,0.00
M,673,Adams,4.9,4.9,Bournemouth,0,0.00,0,0.00,0,0.00,0,0.00,0,0.00,0,0.00,0,0.00,0,0.00,0.00
D,674,Delcroix,4.0,4.0,Burnley,51,1.84,42,0.73,40,1.29,41,1.88,42,1.30,42,0.80,46,1.66,47,1.37,0.00
M,675,A.Ramsey,5.0,5.0,Burnley,35,1.70,37,1.45,35,1.69,35,2.00,35,1.62,36,1.56,35,1.71,36,1.60,0.00
D,676,Mavropanos,4.5,4.5,West Ham,9,0.31,13,0.53,16,0.60,16,0.71,16,0.41,19,0.68,17,0.75,18,0.63,0.00
F,677,Deivid,4.5,4.5,Chelsea,6,0.45,6,0.43,5,0.35,5,0.41,5,0.38,5,0.35,5,0.43,4,0.32,0.00
M,678,Doku,6.5,6.5,Man City,45,3.12,46,2.35,46,2.61,47,2.83,48,2.62,48,3.16,46,2.85,0,0.00,0.00
D,679,G.Montiel,4.5,4.5,Nott'm Forest,10,0.38,17,0.62,24,0.89,24,1.08,24,0.95,24,0.99,25,0.92,23,1.08,0.00
G,680,Beach,4.0,4.0,Chelsea,0,0.00,0,0.00,0,0.00,0,0.00,0,0.00,0,0.00,0,0.00,0,0.00,0.00
M,681,Diego Moreira,4.5,4.5,Chelsea,0,0.00,0,0.00,0,0.00,0,0.00,0,0.00,0,0.00,0,0.00,0,0.00,0.00
D,682,Johnson,4.0,4.0,Luton,2,0.04,4,0.07,3,0.08,3,0.06,3,0.07,3,0.04,0,0.00,1,0.03,0.00
M,683,Harris,4.5,4.5,Fulham,2,0.13,3,0.15,3,0.19,4,0.22,5,0.28,5,0.29,6,0.30,6,0.37,0.00
M,684,Brierley,4.5,4.5,Brentford,0,0.00,1,0.06,1,0.06,1,0.07,0,0.00,0,0.00,0,0.00,0,0.00,0.00
M,685,Gore,4.5,4.5,Man Utd,0,0.00,0,0.00,0,0.00,0,0.00,0,0.00,0,0.00,0,0.00,0,0.00,0.00
G,686,Zych,4.0,4.0,Aston Villa,0,0.00,0,0.00,0,0.00,0,0.00,0,0.00,0,0.00,0,0.00,0,0.00,0.00
G,687,Petrovic,4.5,4.5,Chelsea,1,0.05,3,0.10,3,0.11,3,0.14,4,0.13,5,0.20,5,0.24,5,0.19,0.00
D,688,Castagne,4.5,4.5,Fulham,90,2.59,86,2.00,85,3.49,84,1.38,83,3.51,80,2.73,81,1.81,81,3.39,0.01
M,689,Kudus,6.5,6.5,West Ham,44,1.99,45,2.40,45,2.22,45,2.31,45,1.90,43,2.07,44,2.44,43,2.01,0.00
M,690,Baleba,4.5,4.5,Brighton,62,1.82,55,1.98,53,1.63,48,1.37,48,1.59,47,1.65,46,1.28,45,1.40,0.00
F,691,Beto,5.9,5.9,Everton,36,2.25,38,2.02,37,2.11,37,2.09,39,2.07,39,2.05,39,2.27,39,1.91,0.00
G,692,Benda,4.0,4.0,Fulham,0,0.00,0,0.00,0,0.00,0,0.00,0,0.00,0,0.00,0,0.00,0,0.00,0.00
D,693,Thomas,4.0,4.0,Sheffield Utd,75,2.45,74,1.18,70,2.28,69,1.82,68,1.13,65,1.84,67,1.12,66,1.06,0.00
M,694,Massengo,5.0,5.0,Burnley,0,0.00,0,0.00,0,0.00,0,0.00,0,0.00,0,0.00,0,0.00,0,0.00,0.00
G,695,Altay,4.0,4.0,Man Utd,1,0.05,2,0.10,3,0.12,4,0.15,4,0.14,4,0.16,4,0.13,4,0.14,0.00
D,696,Murillo,4.5,4.5,Nott'm Forest,55,1.61,41,1.16,33,0.97,34,1.37,33,1.09,33,1.14,30,0.88,34,1.42,0.00
D,697,S.Bueno,4.5,4.5,Wolves,0,0.00,2,0.07,3,0.10,4,0.11,5,0.21,5,0.20,5,0.15,5,0.17,0.00
M,698,González,5.0,5.0,Wolves,0,0.00,0,0.00,0,0.00,0,0.00,0,0.00,0,0.00,0,0.00,0,0.00,0.00
D,699,Lenglet,4.5,4.5,Aston Villa,11,0.39,16,0.61,18,0.46,19,0.68,20,0.52,19,0.61,19,0.62,19,0.89,0.00
M,700,Ansu Fati,6.5,6.5,Brighton,53,3.31,56,4.74,54,3.56,51,2.70,49,3.49,46,3.70,41,2.11,42,2.57,0.00
M,701,Ghoddos,4.5,4.5,Brentford,36,1.75,37,1.46,39,1.59,31,1.73,27,1.19,23,1.23,21,1.02,0,0.00,0.00
D,702,Phillips,4.0,4.0,Spurs,0,0.00,0,0.00,0,0.00,2,0.03,1,0.04,2,0.06,2,0.04,2,0.07,0.00
D,703,Evans,4.0,4.0,Man Utd,6,0.18,9,0.35,9,0.30,11,0.29,14,0.45,12,0.48,13,0.31,15,0.45,0.00
F,704,Fraser,4.5,4.5,Wolves,0,0.00,0,0.00,0,0.00,0,0.00,0,0.00,0,0.00,0,0.00,0,0.00,0.00
M,705,Sinisterra,5.5,5.5,Bournemouth,52,1.88,49,2.16,49,2.61,48,2.27,47,2.09,45,1.88,45,2.65,45,2.05,0.00
M,706,M.Trésor,5.5,5.5,Burnley,43,1.98,44,1.64,41,1.91,42,2.25,41,1.79,42,1.71,40,1.88,41,1.74,0.00
D,707,Ballo-Touré,4.5,4.5,Fulham,2,0.05,2,0.06,0,0.00,1,0.03,2,0.07,2,0.06,2,0.05,3,0.12,0.00
M,708,Gravenberch,5.0,5.0,Liverpool,44,2.13,29,1.44,27,1.07,28,1.44,28,1.44,28,1.29,28,1.33,29,1.28,0.00
M,709,Amrabat,5.0,5.0,Man Utd,45,1.44,37,1.38,31,1.01,32,1.00,30,0.99,31,1.14,35,1.03,34,1.07,0.00
G,710,Odysseas,4.5,4.5,Nott'm Forest,33,1.19,34,1.19,35,1.22,36,1.43,34,1.27,36,1.35,37,1.29,38,1.52,0.00
D,711,Omobamidele,4.5,4.5,Nott'm Forest,5,0.15,3,0.09,1,0.05,1,0.06,2,0.09,2,0.08,3,0.10,3,0.13,0.00
M,712,Dominguez,5.0,5.0,Nott'm Forest,66,2.09,63,1.96,62,1.98,60,2.04,60,1.91,61,1.94,61,1.89,60,2.08,0.00
M,713,Sangaré,5.0,5.0,Nott'm Forest,82,2.37,82,2.29,77,2.26,74,2.31,74,2.16,72,2.12,72,2.07,71,2.27,0.00
F,714,Origi,5.0,5.0,Nott'm Forest,0,0.00,0,0.00,4,0.21,12,0.67,16,0.80,20,1.02,20,1.03,18,1.02,0.00
M,715,Bellegarde,5.0,5.0,Wolves,24,1.01,41,1.44,42,1.51,42,1.36,42,1.67,40,1.56,42,1.45,40,1.40,0.00
D,716,Gilchrist,4.0,4.0,Chelsea,0,0.00,0,0.00,0,0.00,0,0.00,0,0.00,0,0.00,0,0.00,0,0.00,0.00
F,717,Stutter,4.5,4.5,Chelsea,0,0.00,0,0.00,0,0.00,0,0.00,0,0.00,0,0.00,0,0.00,0,0.00,0.00
M,718,Matos,4.5,4.5,Chelsea,0,0.00,0,0.00,0,0.00,1,0.07,0,0.00,1,0.08,1,0.08,1,0.08,0.00
M,719,Hunt,4.5,4.5,Everton,0,0.00,0,0.00,0,0.00,0,0.00,0,0.00,0,0.00,0,0.00,0,0.00,0.00
F,720,Ola-Adebomi,4.5,4.5,Crystal Palace,0,0.00,0,0.00,0,0.00,0,0.00,0,0.00,0,0.00,0,0.00,0,0.00,0.00
M,721,Ozoh,4.5,4.5,Crystal Palace,5,0.20,4,0.19,5,0.23,5,0.21,4,0.19,4,0.18,4,0.16,4,0.19,0.00
F,722,Donley,4.5,4.5,Spurs,0,0.00,0,0.00,0,0.00,0,0.00,0,0.00,0,0.00,0,0.00,0,0.00,0.00
D,723,Brooking,4.0,4.0,Chelsea,0,0.00,0,0.00,0,0.00,0,0.00,0,0.00,0,0.00,0,0.00,0,0.00,0.00
M,724,Raymond,4.5,4.5,Crystal Palace,0,0.00,0,0.00,0,0.00,0,0.00,0,0.00,0,0.00,0,0.00,0,0.00,0.00
D,725,Kim Ji-Soo,4.0,4.0,Brentford,0,0.00,0,0.00,2,0.05,2,0.06,1,0.03,2,0.06,2,0.04,0,0.00,0.00
D,726,Chambers,4.0,4.0,Liverpool,0,0.00,0,0.00,1,0.02,1,0.05,1,0.05,2,0.06,2,0.07,3,0.08,0.00
M,727,Townsend,5.0,5.0,Luton,30,1.33,37,1.51,39,1.85,38,1.62,37,1.53,39,1.48,38,1.72,39,1.68,0.00
D,728,Scanlon,4.0,4.0,Liverpool,0,0.00,0,0.00,0,0.00,1,0.05,2,0.06,2,0.06,2,0.07,2,0.06,0.00
M,729,Luker,4.5,4.5,Luton,0,0.00,1,0.07,1,0.06,0,0.00,0,0.00,1,0.05,0,0.00,0,0.00,0.00
M,730,Oné,4.5,4.5,Sheffield Utd,0,0.00,0,0.00,0,0.00,0,0.00,0,0.00,0,0.00,0,0.00,0,0.00,0.00
D,731,Buyabu,4.0,4.0,Sheffield Utd,0,0.00,2,0.04,2,0.05,1,0.03,2,0.03,2,0.04,3,0.05,3,0.05,0.00
D,10019,Nathan Ferguson,99.9,99.9,Crystal Palace,14,0.47,6,0.21,7,0.25,9,0.25,8,0.32,9,0.24,11,0.20,11,0.30,0.00
M,10091,Myles Peart-Harris,99.9,99.9,Brentford,8,0.48,11,0.54,14,0.67,9,0.61,8,0.44,6,0.39,2,0.16,0,0.00,0.00
D,10129,Conor Bradley,99.9,99.9,Liverpool,0,0.00,2,0.10,3,0.08,3,0.15,4,0.17,5,0.19,4,0.17,4,0.16,0.00
F,10130,Michael Olakigbe,99.9,99.9,Brentford,0,0.00,2,0.10,2,0.12,2,0.14,2,0.12,1,0.10,0,0.00,0,0.00,0.00